listing_id,address,city,state,zip,interstate
000c91b2-9827-443c-8669-5f07c833f485,3884 Prospect Ave,Naples,FL,34104,I-75
00151f69-dcb6-4510-ac9e-19f6c5ba77a2,6180 Benore Rd,Toledo,OH,43612,I-75
00ced50d-f1f6-4e29-9a16-1b866beedef0,3240 Point Mallard Parkway SE,Priceville,AL,35603,I-65
00da872b-f8e1-4216-87b8-2991147f166f,750 Buckeye Rd,Lima,OH,45804,I-75
01d5116b-6fc7-4a6f-909d-11d594522aab,Smokey Park Hwy (exact street number not published in listing preview),Candler,NC,,I-40
020975e1-13ef-41d9-a02e-c94d8ba05896,2600 W I-65 Service Rd N,Prichard,AL,36612,I-65
02249e40-0250-4d39-8929-73504935f55f,435 Dura Ave,Toledo,OH,43612,I-75
0233ead3-771d-4d86-ba66-186665572f7d,2423 W Main St,Clarksville,AR,72830,I-40
0244b320-2bb1-4d47-a16f-53da1663fa6b,921 Murfreesboro Rd,Lebanon,TN,37090,I-40
025700b8-af4a-4322-96c1-64fff65ec6b4,23845 Rogers Clark Blvd,Ruther Glen,VA,22546,I-95
02cc4878-abf2-44a6-9495-7fbd598d4bc3,192 Highway 83,Evergreen,AL,36401,I-65
03c39975-0f38-4f41-97e7-d50d95b9edf0,3205 Valentine Rd,North Little Rock,AR,72117,I-40
03cfac83-ce8b-457e-98e6-26265c60d3b4,3404 Highway 63 N,Hazen,AR,72064,I-40
03ed38e8-cad2-426a-9624-021532e389b4,11786 E State Road 250,Crothersville,IN,47274,I-65
042f917c-41af-484c-899b-051ebf3194f9,1001 S Commerce Dr,Seymour,IN,47274,I-65
0432986c-b8ae-47fe-a647-db30b12d9434,2600 W I-65 Service Rd N,Prichard,AL,36612,I-65
04ba3188-26b8-4f28-b7aa-b90da2745d91,21055 West Rd,Woodhaven,MI,48183,I-75
04e8fad7-c564-4879-95ba-91816d3b1074,14197 S US Highway 441,Lake City,FL,32024,I-75
0590d8cb-a505-4dfe-bdd6-5ce120d04412,3210 Valentine Rd,North Little Rock,AR,72117,I-40
05c35c41-6e8f-481f-a2f7-5f50e91170df,7791 NW 47th Avenue,Ocala,FL,34482,I-75
05c5310e-ad0b-4447-8ebb-2d944b974f0d,579 Old Omega Rd,Tifton,GA,31794,I-75
05e3d706-abe8-45ac-9a05-7da2c4ddf937,520 S State Rd 39,Lebanon,IN,46052,I-65
060c2ac4-6fdf-40d2-83e8-f888143d35dc,1300 W Beaver St,Jacksonville,FL,32209,I-95
062c24f7-7145-41f3-97f7-431b2d8965b3,1000 Truckstop Rd,Kenly,NC,27542,I-95
065b431c-e56b-493b-a68a-b9ba7e309d23,3900 Petro Rd,West Memphis,AR,72301,I-40
0666ef38-a91d-4a71-b242-f94f4a45cca2,175 Northwoods Blvd,Vandalia,OH,45377,I-75
06ea73db-318b-4f90-812a-353ddb570b13,5828 Nelson A Miles Pkwy,Grayling,MI,49738,I-75
06f08845-dcc4-42ec-ba62-5d3c2c28faa6,5610 N Marr Rd,Columbus,IN,,I-65
076b546a-e264-4c18-abfc-bb32380ceaf5,401 Cherry Blossom Way,Georgetown,KY,40324,I-75
07c9a38a-fd7d-4453-907e-25c65f54f3fd,130 W Trinity Ln,Nashville,TN,37207,I-65
07d998a5-79fa-4b95-b63f-7bbeb29ca62e,9211 Lewisburg Highway,Cornersville,TN,37047,I-65
08661573-91b9-49cf-9232-e8fed94860f0,200 Holiday Dr,Forrest City,AR,72335,I-40
08b40c31-f1c3-47c0-b278-00c622cedcba,155 Petro Rd,Kingston Springs,TN,37082,I-40
08e36b89-6dee-438f-bd37-edf4a6eab784,300 Arby Dr,Clanton,AL,35045,I-65
090acdd8-3db7-40af-8c57-85e784bb49d8,2539 Burr St,Gary,IN,46406,I-65
096dd2fe-80a1-441b-a700-dbea8e1455c2,2100 Jonesboro Rd SE,Atlanta,GA,30315,I-75
09974385-8c93-4bb5-be59-13552b53e2b3,155 Highway 138 (Providence Road),Denmark,TN,38391,I-40
0a0c7a0d-2fb0-4201-a93f-b934e2617b5b,923 Johnston Pkwy,Kenly,NC,27542,I-95
0a51733c-8243-4972-be0c-fd9b39dea490,13820 US-641 N,Holladay,TN,38341,I-40
0b2df467-c976-472b-bd9f-45a8cbd17039,6410 E State Road 64,Bradenton,FL,34208,I-75
0b34c58e-1c6e-4138-a978-f49cbf546920,11459 SW 61st Way,Jasper,FL,32052,I-75
0b661f90-b412-443b-920a-0e3e56a199aa,13550 S US 231,Remington,IN,47977,I-65
0b924a84-cb2d-4876-b433-f63fdfa47c78,"I-95 North, milepost 37",Carson,VA,23830,I-95
0b9d7041-33c5-4e04-9f78-feae94df3de4,102 Triport Rd,Georgetown,KY,40324,I-75
0bb17862-7612-4347-8917-657be20158b0,9499 US Highway 70,Lehi,AR,,I-40
0c0c4cac-8771-4987-becf-d13a6fb414e6,313 Porter Rd,Sadieville,KY,40370,I-75
0c8f2702-18ba-465d-ad9f-7222b3db2744,"I-95 Median Service Plaza, Mile Marker 82",Aberdeen,MD,21001,I-95
0d70ce2a-08a6-478f-a91b-b626f7086ab3,1290 N Monroe St,Monroe,MI,48162,I-75
0d9f969f-916e-40b3-a489-b04d8e20ad2d,2202 N Main St,Brinkley,AR,72021,I-40
0dacd3b0-435a-46af-9e4f-da23099fc2bb,925 N Ocean St,Jacksonville,FL,32202,I-95
0e24e007-db84-40db-bfc1-222e5d0eebad,1639 County Road 437,Cullman,AL,35055,I-65
0e42a2e6-13be-43c8-abe1-1ae11efdd4ae,6117 Duncan Rd,Punta Gorda,FL,,I-75
0e545ab7-6774-47b5-8f58-30d40f795728,310 Chicken Foot Rd,Hope Mills,NC,28348,I-95
0ecffefe-7964-4da6-9052-c230adc0a249,420 East Main Street,Beaverdam,OH,45808,I-75
0ed35738-c7a2-48d8-9bd5-dad944cf9d9d,4007 S Indianapolis Rd,Lebanon,IN,46052,I-65
0ef95380-098c-4503-9bc9-74781c544195,"I-95 Southbound, Mile Marker 107",Ladysmith,VA,22501,I-95
0f062a6c-091f-4f1f-a5b9-3a3876fd755a,1306 S Rogers St,Clarksville,AR,,I-40
0fd1e82b-0a8e-410b-9af9-8787d6ab89b8,5930 E State Road 334,Whitestown,IN,46075,I-65
0fda85a9-364c-4541-99d7-fac38c8f755e,2607 Scrubby Bluff Rd,Kingsland,GA,31548,I-95
103d2a5b-3b82-4062-b665-c34a02e55421,693 Karen Dr,Ringgold,GA,30736,I-75
104adff6-82d2-42b0-9d1b-1a8ef5b55a2a,830 Byrley Rd,Corbin,KY,40701,I-75
10905c05-3522-4be3-892e-19218c42f507,377 S Schaefer Hwy,Detroit,MI,48217,I-75
11ed7674-3739-4cfa-9433-51c982f1d544,505 Patriot Dr,Dandridge,TN,37725,I-40
1251f757-4ab4-4acf-93d1-a95df046b3b1,14920 Buffalo Valley Rd (I-40 Mile Marker 267),Buffalo Valley,TN,38548,I-40
1288759e-4934-4d85-ba1a-ea9684af445f,1840 Frenchtown Center Dr,Monroe,MI,48162,I-75
128a2d09-7f2f-42f0-81cc-1f714b61b3d7,I-75 North near mile marker 23.5,Cleveland,TN,,I-75
128e28fd-ea53-4895-8b25-1d330554e8b6,8435 E Holly Rd,Holly,MI,,I-75
12cb5734-b6f3-48d8-adc1-71b693367a2a,497 County Road 222,Cullman,AL,35055,I-65
12fa9201-e925-4e5c-8c73-6f1037cd4082,28311 Crossroads Pkwy,Rossford,OH,43460,I-75
1331b4e0-334f-40ce-b89d-d92cb15d76f6,715 Cahaba Valley Rd,Pelham,AL,35124,I-65
1339b41e-8930-4c32-a99c-832bffae406e,121 Parker Padgett Rd,Old Fort,NC,28762,I-40
13a9285c-b1a3-41c1-8bd8-b37661403226,1491 Bobby L Glover Highway,Carlisle,AR,72024,I-40
146b8332-2938-43e7-ab80-e6069aee6443,1609 Nadeau Rd,Frenchtown,MI,48161,I-75
148b4646-be1e-4eeb-91b4-1cedff83441a,2217 S Edwin C Moses Blvd,Dayton,OH,,I-75
14b53fd6-ea8b-4e2a-8618-128e28612212,3700 N Service Rd,West Memphis,AR,72301,I-40
15061bb1-5399-4e9e-bf46-36a8cf0fc784,484 U.S. Highway 70 SW,Hickory,NC,,I-40
152dcf8e-4366-4317-9e54-0e6d716a59af,13019 Walton Verona Rd,Walton,KY,41094,I-75
1563a9b1-b685-4915-9ef4-eed8e80c4827,2862 Barrett Ave,Macon,GA,31206,I-75
17e513b1-c6cb-4d55-a60c-54cf04234398,250 W Cumberland Gap Pkwy,Corbin,KY,40701,I-75
180e7203-8914-4be5-9943-437fe4bb37ff,1322 US Highway 72 East,Athens,AL,35611,I-65
181dd4e9-f9b8-41ca-9b5d-3d38edf629ab,210 W Service Rd,West Memphis,AR,72301,I-40
1822b81f-648c-4711-a265-fe1800ccb423,5115 N 300 E,Whiteland,IN,46184,I-65
188b983c-bfc5-4d1d-9027-02850775a06a,"I-40 westbound, mile marker 131.5",Holladay,TN,,I-40
18b7f760-c662-4d38-9e0c-0a91f1022015,145 N Dowling St,Austin,IN,47102,I-65
18cb36d8-a481-4013-af5d-f4ce70911fa1,107 N Keeneland Dr,Richmond,KY,40475,I-75
18df2837-56f3-4b52-9360-d625614d0910,618 Lambson Ln,New Castle,DE,19720,I-95
1973618e-b3f4-4ef1-a494-e982fb8aeac3,24420 Pennsylvania Rd,Taylor,MI,48180,I-75
1b0ef012-d5cf-4550-8723-3c19fa283ddb,"I-95 Southbound, Mile Marker 131",Fredericksburg,VA,22553,I-95
1b16d50c-fe90-4999-9174-24b1afd5d87f,15 Dogpatch Trading Center,London,KY,40741,I-75
1b26d26d-059c-4bb0-adf1-0775ac9da1e8,171 W Cumberland Gap Pkwy,Corbin,KY,40701,I-75
1b28a7ae-3fa0-4c3a-975d-b96459b104d1,30 Sand Pebble Rd (at Pilot Travel Center #366),Jackson,TN,38305,I-40
1b9fd8ed-aee3-458f-9296-7a6a5f5ca340,15976 Whyte Hardee Blvd,Hardeeville,SC,29927,I-95
1beb847b-eca9-4b86-a151-558340292504,29933 State Road 52,San Antonio,FL,33576,I-75
1c02288f-f710-4fbd-9d1b-29dfe8967a38,8930 Laredo Ave,Fort Myers,FL,,I-75
1c18704d-99b4-4644-865c-b0d740b9ccd5,7720 Highway 222,Stanton,TN,38069,I-40
1c2331c1-e7c3-4f1c-8080-8c77e26ca570,5501 O'Donnell Street,Baltimore,MD,21224,I-95
1c486059-1bf4-47b8-845f-e817c22b7674,61 Heather Lane,Perryville,MD,21903,I-95
1c5cf5a8-eda7-4a20-aa0c-d7011ff28f65,715 Cahaba Valley Rd,Pelham,AL,35124,I-65
1ccf0377-ac4f-4d85-9b13-c810b44a0045,105 Dee Dee Lane,Lonoke,AR,72086,I-40
1d1a2d76-46d8-46cc-9759-a9da44e2e53b,3231 E 181st Ave,Hebron,IN,46341,I-65
1d38a614-f929-4747-95c3-7ae04f61c4e0,2225 Hwy 411 NE,Cartersville,GA,30121,I-75
1d82a098-865a-4a0a-9c55-c56dc2c9feee,3350 Stop 8 Rd,Dayton,OH,45414,I-75
1dac7271-b06e-47a7-9845-3ea235276d79,82 White St,Whiteland,IN,46184,I-65
1de92b6e-da68-4c61-9d31-9e03ca0ebe79,3198 Lexington Rd,Richmond,KY,40475,I-75
1dfbe578-4d95-4f90-b00b-ba6cff921daf,"I-75 Southbound, mile point 34 (Laurel County)",London,KY,40744,I-75
1e0c5c8d-b62b-4a4b-ba92-9da72d04e6d7,2752 US Highway 17 S,Brunswick,GA,31523,I-95
1e57efa0-5b56-4594-a360-0801367f7795,2075 E Tipton St,Seymour,IN,47274,I-65
1e5e8cf7-5200-430a-9b46-ba3712f54745,400 Federal Ave,Saginaw,MI,48607,I-75
1ea6395c-a3b6-45ea-8e77-44eeca7f1ef6,2054 St Joseph Drive NW,Cullman,AL,35055,I-65
1f226de3-a16d-434e-9db3-2cb86dbf9e31,1625 County Road 210 W,Saint Johns,FL,32259,I-95
1f59471c-8952-4a0c-953a-1bf402096b87,410 Triport Rd,Georgetown,KY,40324,I-75
1f6e7f3a-9e20-4a57-8eae-d44d24a80243,130 W Trinity Ln,Nashville,TN,37207,I-65
1f7194fb-6df2-483c-b775-ff8cef29738c,1911 Highway 34 W,Dillon,SC,29536,I-95
1f830c7e-1a16-4115-930e-f93f59c31b80,8805 W State Road 114,Rensselaer,IN,47978,I-65
1fabdfbe-abcc-4db1-b41b-dec1fa3d3fa7,1333 Matzinger Rd,Toledo,OH,43612,I-75
1fbc776a-057a-4370-96e9-bc049b0385a8,4255 NW Highway 326,Ocala,FL,34482,I-75
20055899-b195-49e7-ab99-e86cadf665e4,617 Lovell Rd,Knoxville,TN,37932,
20527ca4-925d-432f-a857-1150c2a09ba8,"I-95 Northbound, Mile Marker 154",Dale City,VA,22193,I-95
2063c01e-5281-4755-bb20-ddf02a1653bd,"I-40 Eastbound, Mile Marker 10",Waynesville,NC,28786,I-40
208bb775-28c3-4123-8bd8-6eaaeac77ad4,"I-95 Median Service Plaza, Mile Marker 82",Aberdeen,MD,21001,I-95
20ea502e-9d1f-43e3-b369-520d35c38c5f,3900 Petro Rd,West Memphis,AR,72301,I-40
2138c8b1-489c-4aa9-9fe9-51cf8fb72982,118 Richwood Rd,Walton,KY,41094,I-75
2149578a-d42a-49e8-a93a-a0744b2a14f6,900 Kings Hwy,Port Charlotte,FL,33980,I-75
214dc102-0732-4ffa-85a4-bf40a8856a14,1073 Highway 78 N,Wheatley,AR,72392,I-40
21dc37d4-6706-44d4-8dee-b871cdce17d4,300 Arby Dr,Clanton,AL,35045,I-65
2237db27-ede4-4872-9149-f2ea2e2fb8c7,409 Yemassee Hwy,Yemassee,SC,29945,I-95
2289120c-d34a-4d96-b705-81286bd97f02,1025 S Crawford St,Clarksville,AR,72830,I-40
22ab6bbc-2890-4b91-bb54-c04c6dd80a89,422 E State Road 44,Wildwood,FL,34785,I-75
22cffdfb-5e39-47fe-98ce-884b5739ea6c,2971 Highway 48 S,Dickson,TN,37055,I-40
22da63bd-9ee8-45b1-b8cd-ada2c8cb7899,1911 Highway 34 W,Dillon,SC,29536,I-95
22e3b5de-964b-4b46-84a0-cbc8d5e0d746,7420 Bonny Oaks Dr,Chattanooga,TN,37421,I-75
22ecd0b0-6bb4-4069-a825-b571c22bc991,2241 Fair Rd,Sidney,OH,45365,I-75
233d03c8-da5e-4cb2-b239-c48f238ec2a1,2215 Cale Yarborough Hwy,Sardis,SC,,I-95
245d9e0f-cb95-461e-822a-e458c03212ed,556 E State Road 44,Wildwood,FL,34785,I-75
25069c9b-3d38-41b7-bb33-37f20bf3a4f1,6405 W M-72,Grayling,MI,49738,I-75
253d5108-e1f2-4387-ad7d-b82e1a18712a,636 N Irwin St,Dayton,OH,45403,I-75
25721d01-d3ed-4da5-a9cc-448fd166e75b,426 AL Highway 69 S,Hanceville,AL,35077,I-65
25dea13e-8d96-411a-8945-782f2b5694d4,"I-95 Southbound, Mile Marker 47",Fayetteville,NC,28306,I-95
25e73d4a-657a-498b-9deb-ceabc08caef4,16101 Highway 84,Evergreen,AL,36401,I-65
25f235a7-b4f9-4aba-8ac7-e3d4f34c1b33,14262 SR-119 (OH-119),Anna,OH,45302,I-75
261a3522-4245-43c2-98c9-31a3856a7650,1600 Fox Street,Findlay,OH,45840,I-75
264a6af3-ac80-4829-a8b5-299cd3590a41,800 S Outer Drive,Saginaw,MI,,I-75
268e78c1-514e-4c7c-a65e-e14e47d34c68,415 W Seymour Ave,Cincinnati,OH,45216,I-75
2701ec88-7347-4c3f-bd8d-080b9c8a2798,4287 S Indianapolis Rd,Whitestown,IN,46075,I-65
270d9f77-5fe0-4907-a95c-c7d39f6b2756,145 N Dowling St,Austin,IN,47102,I-65
27490a78-a0da-432e-9f3b-7d351f0b1ef4,4155 S Indianapolis Rd,Whitestown,IN,46075,I-65
277f07bd-626c-4e6a-ba01-55dcae73dba5,7311 Highway 104 N,Cedar Grove,TN,38321,I-40
27a1a923-bb4b-4022-bdd5-d0397249ed58,2141 Gamble Rd,Savannah,GA,31405,I-95
27c0d036-6d49-449f-963a-a57b7b3e1784,1921 N Wesleyan Blvd,Rocky Mount,NC,27804,I-95
28410ba0-b864-4c43-97cc-93a77a819342,1624 Bear Creek Pike,Columbia,TN,38401,I-65
289a8cee-2feb-4452-9a37-b821e45c8d48,1602 Salem Rd,Cookeville,TN,,I-40
28c41568-118b-4e1f-aee1-469f8a634af9,185 Dungeness Dr,Brunswick,GA,31523,I-95
28ed1b57-596a-42e2-bcb7-55434d32fe02,3240 Point Mallard Parkway SE,Priceville,AL,35603,I-65
2937ca5e-063c-4ac7-b4c4-0e7da286f488,980 W South Blvd,Montgomery,AL,36105,I-65
29c0000b-e9ee-401d-a502-417243b91f6c,3948 Hodges Chapel Rd,Dunn,NC,28334,I-95
29e9199c-a535-47dd-8d12-887485484bc3,12921 Duval Rd,Jacksonville,FL,32218,I-95
29fb50b8-541c-4cca-ade0-56b26c5cb203,942 W Portage Ave,Sault Ste. Marie,MI,49783,I-75
2a3d7c32-e385-41db-9b12-6111d7fa91fc,I-95/I-495 near US 1,College Park,MD,20740,I-95
2a63ae26-efa4-4591-bd3d-63f45bf8639c,1250 West Breese Road,Lima,OH,45806,I-75
2a82ff99-4e7f-4fed-b606-c88f0bd36b95,12906 Deshler Rd,North Baltimore,OH,45872,I-75
2aafd4fa-3045-492d-a047-49a8ada973dd,249 W Cumberland Gap Pkwy,Corbin,KY,40701,I-75
2b1af141-43f3-492d-924d-7273b920acc4,211 KY Highway 36 W,Williamstown,KY,41097,I-75
2b1f5234-36bf-413f-8c40-3c9836ada6bd,1210 Sparta Pike,Lebanon,TN,37090,I-40
2b7ac68a-1cd0-45d2-94bd-6ca204ce34ee,2501 Burr St,Gary,IN,46406,I-65
2b918267-6d9e-42db-ba42-77f879f9dc43,104 N Dogwood Dr,Berea,KY,40403,I-75
2c075ea6-0ffe-4f08-8bcc-9d0a027c1ff3,744 E State Road 44,Wildwood,FL,34785,I-75
2e036deb-3b94-41b3-9fcb-fd5b71923e44,650 GA-299,Wildwood,GA,30757,I-24
2e9b34a1-7c38-4a1d-92da-d2286d07976d,7928 Dream St,Florence,KY,41042,I-75
2ec38723-669c-469b-9c6f-fd57a5df2d79,2351 Buena Vista Rd,Lexington,KY,40505,I-75
2ee7a28a-71ac-46f8-9998-2f9ae6fcf852,1226 21st Street Drive SE,Hickory,NC,28602,I-40
2f8d337f-56bf-4d5d-bfca-44de796066ca,7791 NW 47th Ave,Ocala,FL,34482,I-75
3029ff4b-9279-4724-8b75-af63b0f9fb38,202 Highway 75 N,Heth,AR,72346,I-40
304c91be-ba96-4f09-83ec-8258f6ed4716,194 Sims Pike,Georgetown,KY,40324,I-75
30dfb520-e018-457f-ba09-eb3a455c8aab,3730 Speedway Drive,Findlay,OH,45840,I-75
31584983-7e0f-4210-9f62-8cf69cc29ec4,12906 Deshler Rd,North Baltimore,OH,45872,I-75
31718477-7df3-4315-ab74-52083054b6e5,2870 Nathan St,Newton,NC,28658,I-40
31a18b65-6475-4880-9203-f8d44505a815,1523 Avco Blvd,Sellersburg,IN,47172,I-65
31e4c5c3-a520-47b8-9637-1e859c65c9a9,604 Balfour Rd,West Memphis,AR,72301,I-40
3201e509-b4b9-4cc6-b37c-7c8e2becd7c6,6499 Broadway,Merrillville,IN,46410,I-65
321b8c5c-5c9f-48e1-aa9c-fd0332dee69e,1100 N Dixie Hwy,Monroe,MI,48162,I-75
32e1f8ab-7b2c-425d-b046-bf14bd3e1a0a,3400 Service Loop Rd,West Memphis,AR,72301,I-40
32eb0641-192c-492f-9b89-cd3b90bfd871,800 Martin Luther King Dr #2,West Memphis,AR,72301,I-40
3330b910-184f-4852-a021-4653260d8e46,1589 Skippers Rd,Emporia,VA,23847,I-95
33c7ebe8-323c-4b35-a654-2ac4076fec1b,313 Porter Rd,Sadieville,KY,40370,I-75
33dd16f0-9cfc-486e-822f-83fe6ecf8197,3003 TV Rd,Florence,SC,29501,I-95
3424577e-6317-4273-9ec2-7f64adb7c073,25845 US-72,Athens,AL,35613,I-65
34933f4a-2f1f-46aa-ae03-e94c7050a0a3,4804 N White St,Whiteland,IN,46184,I-65
34ba01ad-945f-4960-b099-01964f28815d,118 Richwood Rd,Walton,KY,41094,I-75
34eeab35-566f-4210-befc-ef29c528d504,13781 Highway 641 N,Holladay,TN,38341,I-40
34fc2993-dbed-4d8f-8882-b05e7a4a3942,7746 GA-140,Adairsville,GA,30103,I-75
351caca3-836f-49e4-be14-a0eeb416a4b3,373 W Cumberland Gap Pkwy,Corbin,KY,40701,I-75
356e1901-c5fb-4252-97bc-9ff2b5b86935,65 W Main St,Greenwood,IN,46143,I-65
35d60aca-4c98-4307-bfff-f6b4f5004da2,6600 W 9th Ave,Gary,IN,46406,I-65
361472af-b496-4b3f-b7b0-d85b9ea310c0,3194 15th Ave Blvd SE,Conover,NC,28613,I-40
362f1bd5-2789-488a-8652-ffa580d9737a,921 Murfreesboro Rd,Lebanon,TN,37090,I-40
366ea2a6-4116-4ce3-bc64-01fdac0dcb60,100 Fish Lake Road,Atkins,AR,72823,I-40
36d48fe4-d2ce-4d99-987a-9e8341644b7a,1105 E King Ave,Kingsland,GA,31548,I-95
36f8c6be-7609-4ada-92c7-9d344b0abf58,100 Highland Center Blvd,Asheville,NC,28806,I-40
37c4007f-e708-43e7-9ec3-42a933595dfa,2241 Fair Rd,Sidney,OH,45365,I-75
383a91a5-b35c-448c-ac46-a2204f600caa,162 Luyben Hills Rd,Kingston Springs,TN,37082,I-40
38aadae7-1aa0-4cf4-a426-5d7659174852,522 N Old Carriage Rd,Rocky Mount,NC,27804,I-95
38cc0860-23d0-41f4-acee-987625766068,8436 Ford Ave (GA-144),Richmond Hill,GA,31324,I-95
38ffb2aa-c692-4376-9d7c-4b39e745845d,2101 US Highway 49,Brinkley,AR,72021,I-40
394f5b7a-2970-453b-91d4-fc87c30a51a0,3400 Service Loop Rd,West Memphis,AR,72301,I-40
39a7ad06-c801-4b4f-8ea1-3d847839a62c,221 Belle Hill Road,Elkton,MD,21921,I-95
39dbba87-eb5b-4ec6-86e2-ce9a469dbed0,17308 Park 78 Dr,North Fort Myers,FL,33917,I-75
3a315155-9a8c-4d6f-8c1c-d3373bd4865e,3365 Sugar Hill Rd,Marion,NC,28752,I-40
3a3394cc-5ac2-4f22-bd59-158f71d062c9,2615 W C-48,Bushnell,FL,33513,I-75
3a8482af-f9c3-4155-a03f-d99781b094a7,13700 S US Highway 441,Lake City,FL,,I-75
3a916e0e-766f-4fe5-b3ac-6613861492e7,8145 Connector Dr,Florence,KY,41042,I-75
3aa48c88-8252-4fc1-b386-64a39afeae7a,701 Stewarts Ferry Pike,Nashville,TN,37214,I-40
3b130209-e596-4c15-a1fa-522cf7d933bc,2015 W Lucas St,Florence,SC,29501,I-95
3b1af415-b8bf-4ca7-85f5-a726b332c3ea,816 Industrial Dr,Monterey,TN,38574,I-40
3c6b703c-e8bb-418c-902c-1733badf33f6,4230 W US Hwy 24,Remington,IN,47977,I-65
3cbba395-9805-41ca-91c5-2a171aebab14,7150 Okeechobee Rd,Fort Pierce,FL,34945,I-95
3d065e68-3f21-47d9-8ace-4670366e6fed,6180 Hagman Rd,Toledo,OH,43612,I-75
3e0cd409-c3fc-4aa3-bdfd-0fe2587746f6,1990 Richmond St (US-25),Mount Vernon,KY,40456,I-75
3e2d7707-cfa9-4fff-a6e1-b564b40bfc32,21055 West Rd,Woodhaven,MI,48183,I-75
3e5fef77-bc72-4174-b45d-04f6096c8fde,408 Highway 149 N,Earle,AR,72331,I-40
3e75627b-f631-421e-ae02-45d39777a67b,100 Conway Ln,Evergreen,AL,36401,I-65
3ec4da2b-9df7-4bba-913c-c6023b9797ca,299 S Center St,Hickory,NC,28602,I-40
3ed0a98e-439f-4e6e-a0f6-24c6c3954c9b,1064 E 16th St,Seymour,IN,47274,I-65
3f7408df-a39e-46cd-843a-61694fabbe9c,918 W Atlantic St,Emporia,VA,23847,I-95
40e6a8f0-e686-4f00-8eba-65d11117ae7d,3600 Service Loop Rd,West Memphis,AR,72301,I-40
410fb4a6-1480-436d-b89b-b5721608cc2a,2501 Burr St,Gary,IN,46406,I-65
41310565-f89e-49e0-9596-d17a218a165b,7618 Old State Road 60,Sellersburg,IN,47172,I-65
4212adfe-4234-48bc-aa89-73a1d0ca09a8,1500 Amherst Rd,Knoxville,TN,37909,I-40
4286be9b-c51a-4be9-83ec-d9295237982f,2112 N Main St,Brinkley,AR,72021,I-40
42fe1af3-f619-4058-a721-afb10238dae3,215 AR-331 N,Russellville,AR,72802,I-40
431362ab-4fef-4f4f-bfb1-5a6b46b0ceec,325 U.S. Hwy 70 SW,Hickory,NC,28602,I-40
431cc9de-65e3-48ad-aed1-2bc3794f95ad,5430 Stickney Ave,Toledo,OH,43612,I-75
438c99e6-0991-48a1-8d0e-8bfe43b34700,413 East Main Street,Beaverdam,OH,45808,I-75
438d7ce9-59d8-4fec-b8d5-24f36c3a5481,65 Sadler Rd,Dunn,NC,28334,I-95
43a04cd8-4924-4c2d-8404-1bb132180ce8,6800 W 9th Ave,Gary,IN,46406,I-65
44197521-7aef-46d8-9c85-1fb95868e73d,1760 Genesis Rd,Crossville,TN,38555,I-40
4487c8c2-b9dc-4b24-bf94-e18b76de138e,16101 US Highway 84,Evergreen,AL,36401,I-65
44ef662c-3372-40a8-9c5b-eb2f0c76fc2c,7535 Montevideo Road,Jessup,MD,20794,I-95
4550e5f0-f0c6-4977-97f4-84e88e7b607f,13050 Walton Verona Rd,Walton,KY,41094,I-75
455f776b-7681-45be-8604-fdb9593beb44,113 Motel Dr,Saint George,SC,29477,I-95
4584fe8c-08bb-481e-8749-b0fbbc5a6224,821 Tyson Rd,Hope Hull,AL,36043,I-65
45dba33a-1322-426d-a01e-6809df669d92,8631 Highway 25 E,Cross Plains,TN,37049,I-65
4678d9cd-6eea-460c-8d08-def9f6abec0b,"Elkton Station, 107 Railroad Avenue (classroom); North East Campus range",Elkton,MD,21921,I-95
469dadae-9ba0-4f80-aacf-eb83ca8efc25,1463 N Wesleyan Blvd,Rocky Mount,NC,27804,I-95
474c16be-f5a2-4ead-889b-94637b2a5110,3124 Highway 391 N,North Little Rock,AR,72117,I-40
4788aa99-bbfe-4f81-b826-788e02ee475c,4080 W Hwy 326,Ocala,FL,34482,I-75
4795b25a-2bb2-4c4e-ac29-d864159cb3f3,2200 Broening Highway,Baltimore,MD,21224,I-95
485085d9-98c6-4e88-9661-862c3bc0c514,8795 Main St,Birch Run,MI,48415,I-75
4851db39-17a3-4025-877d-966353811088,2315 E Service Rd,West Memphis,AR,72301,I-40
48597a5d-b599-4e11-9826-eae4352b3e51,2522 Christmasville Rd,Jackson,TN,,I-40
48651de0-1c89-4102-a039-e0703af156ec,10324 Cogdill Rd,Knoxville,TN,37932,
488ef5d6-960c-4504-a163-4c4c8c6d11fc,452 AR-38 E,Widener,AR,72394,I-40
48942c6d-d58b-46ad-8a29-906278fceb35,6109 US-43 S,Satsuma,AL,36572,I-65
48d81093-d807-4023-b971-9277d9f47cd8,500 East State Street,Botkins,OH,45306,I-75
48f3af5a-620d-4a44-9dd5-96210e2b3e39,202 Commerce Dr,Saraland,AL,36571,I-65
490090ee-0f38-4901-926b-2b8bc93ff390,2241 Fair Rd,Sidney,OH,45365,I-75
49310225-476e-403f-bc11-b296444ee454,3365 Sugar Hill Rd,Marion,NC,28752,I-40
493f87f4-8dca-4681-9d42-1da6c4646855,11459 SW 61st Way,Jasper,FL,32052,I-75
49433ba9-dcea-4fa2-81f6-46cc54bf922c,799 12th Ave N,Nashville,TN,37203,I-40
49a23bf0-18cb-4ee8-b3cc-eaf19114f3d3,6830 Franklin-Lebanon Road,Franklin,OH,45005,I-75
49d33773-e031-4778-853c-731f623a5d5b,2202 N Main St,Brinkley,AR,72021,I-40
4afcec75-e167-44b6-bf5b-3219086c047e,3686 Pulaski Highway,Cornersville,TN,37047,I-65
4b07b610-8186-4ad2-b037-cb9c402928a9,4154 W US Hwy 24,Remington,IN,47977,I-65
4b2f3f98-a3b1-4f01-8414-3bf1bd312c3d,1010 N Main St,Palestine,AR,72372,I-40
4b5d062c-18db-4d39-8a06-073ae984e323,120 Declaration Dr,McDonough,GA,30253,I-75
4be0bff5-6246-43d0-8501-159b1d07cf32,30559 Lemoyne Rd,Walbridge,OH,43465,I-75
4c1a72f9-a863-484e-ae1d-600e8bd8b7a0,3014 Paxville Hwy,Manning,SC,29102,I-95
4c7eff4b-4b93-4969-8d19-5fb1d388779b,502 Gordonsville Hwy,Gordonsville,TN,38563,I-40
4cb8afcb-7943-4924-a965-9b5234c9c69f,451 Logston Ln,Berea,KY,40403,I-75
4d1432ba-9d0d-4905-909b-2fce8d5d6497,12906 Deshler Rd,North Baltimore,OH,,I-75
4db7dcbe-4283-4be8-a997-167b7bd9582e,816 E Oak St,Conway,AR,72032,I-40
4e060c6a-1fab-4808-928a-bd991bf8f694,13820 Highway 641 N,Holladay,TN,38341,I-40
4e347a10-336f-40d4-9ef0-e48a91eca38a,433 Grange Rd,Port Wentworth,GA,31407,I-95
4e5234b6-1305-4705-941d-ec5a77370983,1105 E King Ave,Kingsland,GA,31548,I-95
4e7bad60-63ed-45fd-a1f3-57408c623aaf,965 S Commerce Dr,Seymour,IN,47274,I-65
4ee402f8-abbf-471f-a9f7-620234b2b192,1505 Bobby L Glover Highway,Carlisle,AR,72024,I-40
4f23643b-4ec9-471a-beac-7a7538e73adf,2015 W Lucas St,Florence,SC,29501,I-95
4f5b08c4-ff4d-4c48-b881-6d1ae8d9383f,15415 Highway 13 S,Hurricane Mills,TN,37078,I-40
4f77aa49-f11e-4ebd-a86e-9c6290ec1ec1,2449 Genesis Rd,Crossville,TN,38571,I-40
4f94e1cf-fe15-4bba-917c-9f389ab3bd04,1255 N Dixie Hwy,Monroe,MI,48162,I-75
5003bce1-1cfa-45ff-a23d-5f31e1df1450,145 Richwood Rd,Walton,KY,41094,I-75
5046a85e-6a9a-49e8-aedd-ab29f95b00d1,1221 E 12th St,Wilmington,DE,19802,I-95
50a29c91-4d5a-429d-a8ae-bc27851fde1c,4350 Highway 63 N,Hazen,AR,72064,I-40
50c293a2-8ee6-465e-b34e-f4fbc12ecb96,2000 Big M Blvd,Clanton,AL,35046,I-65
50c54637-cbc4-4afc-95f4-10e946870d06,8220 Roberts Matthews Hwy,Cookeville,TN,,I-40
50cf9353-443d-406e-b1d2-9889112e116c,491 St Marys Rd,St. Marys,GA,31548,I-95
50e12207-792b-4c19-9ce5-f072abdc9e46,2710 S Main Street,Middletown,OH,,I-75
50f05436-a429-44f6-829e-630075daec0d,"I-95 Northbound, Mile Marker 24",Lumberton,NC,28358,I-95
51296b6f-d325-4a97-a48f-d7a315a5e7e0,1775 Bellefontaine Street,Wapakoneta,OH,45895,I-75
5167a32a-fc7a-4aa0-8896-07a13b20acbb,2976 Highway 48 S,Dickson,TN,37055,I-40
51cd4b66-e72d-4dfa-9502-cf04145feb19,30 W Hwy 92,Williamsburg,KY,40769,I-75
51f35bd0-85e6-45f9-9360-71e5110f4c79,722 Watt Rd,Knoxville,TN,37934,I-75
523080e8-e097-4129-a1fd-6971162dc8c0,116 Jasmine Dr,Newport,TN,37821,I-40
525d165f-3020-48a5-a584-8bf689288500,130 Pilot Dr,Brunswick,GA,31523,I-95
52615e2d-bbbe-45e7-8acc-4e95824179c8,1503 Avco Blvd,Sellersburg,IN,47172,I-65
5330fe76-dd64-4b5b-b8d6-aca559036526,111 Mill Branch Rd,Latta,SC,29565,I-95
533ac088-b077-4175-880b-04fb1ec093c1,709 E Vine St,Vienna,IL,62995,I-24
53bc511f-3b30-4ac3-aed3-597e416f3f38,1849 Summer St,Hammond,IN,46320,I-65
53c9e3df-31f9-4405-9b33-0b089333c88e,1544 Bear Creek Pike,Columbia,TN,38401,I-65
54011c80-7ce2-44f4-b11a-f2b8985f9794,151 N Dogwood Dr,Berea,KY,40403,I-75
546a52e7-2632-4626-a6b7-5fc3134a802a,1001 Interstate Rd,Clarksville,AR,,I-40
5497dc27-dbdc-44b7-8f64-3fd3f6504007,7210 Strawberry Plains Pike,Knoxville,TN,37914,I-40
54a65451-113a-452a-9760-bcf055bb5769,5115 N 300 E,Whiteland,IN,46184,I-65
54b59fd2-c9f0-4978-970f-e736398c2504,7425 Crosswood Blvd,Knoxville,TN,37924,I-40
54d2b882-24b4-4c09-b2b8-98529c4e1af7,961 Hwy 140 NW,Adairsville,GA,30103,I-75
54d7e6d4-f558-42b6-af10-f87f0b9fe8e6,1255 N Dixie Hwy,Monroe,MI,48162,I-75
54e7735a-85fc-48e7-89ab-3b4e5eeaa514,900 S Jefferson Ave,Cookeville,TN,38501,I-40
54eb73aa-b523-42b7-bb42-be43bfe1e235,13019 Walton Verona Rd,Walton,KY,41094,I-75
5527d376-b806-4a10-bc75-0478c35672d0,1200 Nadeau Rd,Monroe,MI,48161,I-75
55b940bd-0f8a-4c2c-8e30-ce6832982ef8,2936 E 79th Ave,Merrillville,IN,46410,I-65
55c80169-0830-4e29-806c-016c71a1087f,109 Taylor Rd,Corbin,KY,40701,I-75
55ea9889-c967-4506-aab5-c5fb836ee30e,I-75 N Mackinac Bridge Plaza,St. Ignace,MI,49781,I-75
56a4531c-0424-4825-add8-4c9c76280e29,7821 Commerce Dr,Florence,KY,41042,I-75
56accaa0-eb22-413a-b887-1e6d535c08ae,3712 Crabtree Rd,Waynesville,NC,28786,I-40
57018663-4fa6-44de-9eaa-8e72da705b86,200 S Kings Hwy,Fort Pierce,FL,34945,I-95
5708f6be-07ee-4cde-8568-47b94d8cb9ca,18823 MacArthur Dr,North Little Rock,AR,72118,I-40
582280fa-d1b8-4e9f-aee1-575fa00b8e8a,8477 US-42,Florence,KY,41042,I-75
58632d08-df92-4a46-8c2a-b89a3a0e138a,1317 Emmanuel Church Rd,Conover,NC,28613,I-40
587b9f17-2d09-4a6b-90c2-0ed467f935f9,7419 Alma Highway,Alma,AR,72921,I-40
588ee9e4-f2de-4961-9cc4-ed1186a74a73,200 Belle Hill Road,Elkton,MD,21921,I-95
58dc0ef3-dc55-42ec-9b42-3ddcad197aa8,1400 Elkton Road,Elkton,MD,21921,I-95
58ed9375-a7ad-4139-95ec-8c928564778c,744 E State Road 44,Wildwood,FL,34785,I-75
592fd7e2-c237-4e04-931c-ba3329687ed7,3928 Glenway Ave,Cincinnati,OH,45205,I-75
595de56a-aada-4034-882b-60a2fd579ab3,2301 W Lucas St,Florence,SC,29501,I-95
5992321e-fdc0-44b7-81ba-b85a783e5d24,556 E State Road 44,Wildwood,FL,34785,I-75
5a49d5db-8dcd-4ad8-b10a-b4c6dcacf3a4,7837 East Lincoln Highway,Beaverdam,OH,45808,I-75
5a5fa4df-c324-4405-bdb6-977ffb7f01a5,770 Moores Ferry Rd,Skippers,VA,23879,I-95
5ad2354d-2ee0-42ab-b983-c07c9716e753,1068 N Green St,Ridgeland,SC,29936,I-95
5b586188-4b1d-455f-931c-8157582a9f92,118 Triport Circle,Georgetown,KY,40324,I-75
5bb26e5f-300b-4e53-856d-4e29876dee0e,335 S Schaefer Hwy,Detroit,MI,48217,I-75
5be874bb-ebc4-45d6-a70c-18a96c727c5c,2400 US Highway 64 East,Pulaski,TN,38478,I-65
5c20a67d-267d-4868-aba5-210a14624dbc,7401 W Hwy 318,Reddick,FL,32686,I-75
5c42f488-24de-40af-a67d-88e61d627d64,11229 Frontage Rd,Walton,KY,41094,I-75
5c78823e-ad8c-4072-a019-f167a2846019,82 White St,Whiteland,IN,46184,I-65
5ca065f4-b503-45a1-9636-b5d8e4505c36,4230 W US Hwy 24,Remington,IN,47977,I-65
5cf98762-e51b-4116-8a71-1934fcc47f35,1526 51st Ave E,Ellenton,FL,34222,I-75
5d4b5503-e66f-42af-89db-63e3bb9eb809,2040 E 10th St,Woodbine,GA,31569,I-95
5d4edba9-0200-41ea-9b33-43cb436d42c4,1417 5th Street,Jellico,TN,37762,I-75
5dc09f81-e5df-4022-8248-8fe8e0df8305,1512 Highway 96 N,Fairview,TN,37062,I-40
5e45aa1a-47fd-49c7-a562-fffd0cb426b4,908 E Highway 72,Athens,AL,35611,I-65
5e829807-6932-4f13-b44f-e5dea115f755,722 Watt Rd,Knoxville,TN,37934,I-75
5e845e58-af0f-4226-96f6-e7d384fe3611,110 Triport Rd,Georgetown,KY,40324,I-75
5e8660b1-0553-413a-b271-9bdf78f09202,5820 Hagman Rd,Toledo,OH,43612,I-75
5ea6edb7-8a31-4b40-a59a-aac43a2f9d9c,1420 Highway 96,Fairview,TN,,I-40
5ebe160f-0905-4a56-92ed-e863212681da,426 AL Highway 69 S,Hanceville,AL,35077,I-65
5ee50208-ea02-4cbd-8477-5f7469cc0385,222 KY-770,Corbin,KY,40701,I-75
5f6849f3-fd15-4de2-93e7-69dd2003af1a,17308 Park 78 Dr,North Fort Myers,FL,33917,I-75
5f922ea7-ad01-4fff-aa2e-33a9d2cf1177,110 Fast Ln,Baxter,TN,38544,I-40
5f997893-25c2-42f3-9c82-4ce2697e602f,1065 Deep Springs Rd,Dandridge,TN,37725,I-40
5fc5e9a4-17f9-40c7-9c65-d3904e90140f,505 Patriot Dr,Dandridge,TN,37725,I-40
5fe49a55-7136-4e0d-9700-7d83da365074,3965 Highway 59,Mason,TN,38049,I-40
5ff985fa-b430-487b-8217-485a94e97d7d,3205 Valentine Rd,North Little Rock,AR,72117,I-40
5ff9ec4c-0bb8-49ad-b411-e84e11644025,2201 Hull Rd,Fayetteville,NC,28303,I-95
6003d4f7-6d00-4d20-b0f6-2f44c9b8f115,5601 US-31,Clarksville,IN,47129,I-65
6027611b-b476-48b3-a777-b43b6492b5ae,3404 Highway 63 N,Hazen,AR,72064,I-40
603f66e7-ab68-4307-908f-1d1d6ca2d69a,1712 Germantown Road,Middletown,OH,45042,I-75
605eb2aa-f167-4118-b720-5e470775c93d,2277 E 15th Ave,Gary,IN,46402,I-65
606a8c6f-80a0-4fd2-865e-19f30f18fd29,11229 Frontage Rd,Walton,KY,41094,I-75
60782b45-eee6-4dd1-89f2-83b16975bc81,335 E Yusen Dr,Georgetown,KY,40324,I-75
6127835d-06d1-42a8-bfdc-aa63201b3ff4,1775 Bellefontaine St,Wapakoneta,OH,45895,I-75
6179df3f-6f75-4755-b9ca-75e29976793e,1827 Holiday Drive,Athens,TN,37303,I-75
61990c24-6dcc-4d68-9d2c-76f95ea5e682,13085 Walton Verona Rd,Walton,KY,41094,I-75
61a7d832-a098-4196-bbe2-5b58562e7b9b,1 Center Drive,North East,MD,21901,I-95
62263317-c71c-47d6-90ed-4682b92baeb5,300 US Highway 71 N,Alma,AR,72921,I-40
63337a0c-f3e4-4af5-ae0c-ba30923c6f18,1201 Neubrecht Road,Lima,OH,45801,I-75
635533bc-dbff-4861-ace8-074052e31f00,2790 Broadway,Macon,GA,31206,I-75
63726042-4b3b-41c2-a7e8-267af4a9285b,5820 Hagman Rd,Toledo,OH,43612,I-75
646d0d24-104d-46d8-92a4-d29ce7d8db20,3799 Colonel Rd,Richmond,KY,40475,I-75
647347d8-57c8-4ae1-8388-cdd3897bd0bf,4400 Peytonsville Road,Franklin,TN,37064,I-65
64c31cfc-87b8-41a8-a05f-fd70a50df17c,7001 GA-21,Port Wentworth,GA,31407,I-95
64df8068-a463-497f-8070-1b0e238de908,20515 Hwy 365 N,North Little Rock,AR,,I-40
659aef3d-030d-4e6b-b626-74956b50d0b5,215 Basswood Ave,Dayton,OH,45405,I-75
65b43b41-ec30-4e6c-bb62-89350773f592,1100 NW 1st Ave,Ocala,FL,34475,I-75
65d7a9c2-d5e3-4bcc-8cdc-4b20bcbf2fc8,142 White St,Whiteland,IN,46184,I-65
668ea41a-8085-4a27-a97e-932f7e23dbe9,633 Donaldson Rd,Erlanger,KY,41018,I-75
66990611-5600-4c2b-be68-7e14bc61820f,104 Dee Dee Lane,Lonoke,AR,72086,I-40
66abae1e-f898-4e10-8def-fd7e3504b89e,5111 N Fayetteville Rd,Lumberton,NC,28358,I-95
66f48a5d-4b79-4673-a245-f44828333bca,1815 N Main St,Brinkley,AR,72021,I-40
679989c5-ac9b-4de4-9f1d-347eb41ab47d,612 E 5th Ave,Gary,IN,46402,I-65
67d39304-81ee-485f-a23a-0882d8ace653,2607 Scrubby Bluff Rd,Kingsland,GA,31548,I-95
683aa9c6-51fa-479d-8042-b597b0bf2958,3300 Highway 391 N,North Little Rock,AR,72117,I-40
687996be-4fd9-4464-a9b3-3df5b2c7f505,14197 S US Highway 441,Lake City,FL,32024,I-75
68afff98-8a4c-42be-b099-e87e50b08a38,1750 Salem Rd,Cookeville,TN,38506,I-40
69637f6a-9573-47cb-acaf-7570d602a047,1129 Smokey Mountain Lane,Newport,TN,37821,I-40
699bb772-2ec5-4520-bf6b-abeebf30954a,900 Tyson Rd,Hope Hull,AL,36043,I-65
69f1f244-c4c0-480b-9e95-f1b02554cb6b,2101 US Highway 49,Brinkley,AR,72021,I-40
6a2400d1-8053-46a5-adbb-e6a12e4cf641,2020 SW Highway 484,Ocala,FL,34473,I-75
6a994e3d-56e9-4f0c-97dc-5557807a5fe4,I-75 North near mile marker 343,Ringgold,GA,,I-75
6b024371-05b4-4fba-89d5-8df8670380f7,1385 Lenoir Rhyne Blvd SE,Hickory,NC,28602,I-40
6b1c4dcd-2806-4c11-aa60-413a867dfa8c,14262 SR-119 (OH-119),Anna,OH,45302,I-75
6b62a621-ad4e-4aa3-9737-232189c123ce,2050 North Dixie Highway,Lima,OH,45801,I-75
6b64ef96-f1db-4d75-a7e0-a8c9e1a7749f,2600 W Main St,Clarksville,AR,72830,I-40
6bad6451-4f76-45b8-9a3b-4a1aad414f83,4401 US Highway 17,Richmond Hill,GA,31324,I-95
6bc0c663-fe39-4d71-b270-4b4d3d04b651,"I-95 Median Service Plaza, Mile Marker 97, John F. Kennedy Memorial Hwy",North East,MD,21901,I-95
6bd441b6-c0a8-43f2-9c45-b2c9aad57353,245 College Rd,Smithfield,NC,27577,I-95
6c2078f9-7d25-48bf-8e8f-10d24ac2b372,3712 Crabtree Rd,Waynesville,NC,28786,I-40
6c5d6f67-da95-4378-a089-72e6b7a307c4,2050 Highway 70 E,Jackson,TN,38305,I-40
6c6a902c-51f9-4aee-859d-3eb835664f64,"I-95 Northbound, Mile Marker 37",Savage,MD,20763,I-95
6cb96913-3917-4d7a-98df-9b762bcc16a9,1107 Georgia Ridge Dr,Mulberry,AR,72947,I-40
6cd2a291-3ad1-4b4c-9bd1-fcad6df3b8e4,2600 Middlebrook Pike,Knoxville,TN,37921,
6d1d4dd4-a6c9-418b-a766-edfb108c2503,491 St Marys Rd,St. Marys,GA,31548,I-95
6d8f6cd0-78e1-489f-9f94-7878cba55e77,8067 FL-6,Jasper,FL,32052,I-75
6d944928-3079-4aef-b907-dfab87dadbb1,650 GA-299,Wildwood,GA,30757,I-24
6da51cc0-fd95-4dd9-b43e-a677ea9ccec3,726 N Main St,Emporia,VA,23847,I-95
6de301f3-14ca-4c44-b816-1820cd9f4ae7,7401 W Highway 318,Reddick,FL,32686,I-75
6df1efd9-c205-446d-a485-6e7aa43e3762,400 West 29th St,North Little Rock,AR,72114,I-40
6e1f345b-b3fd-42bb-848c-acfb5573ebc8,30 Sand Pebble Rd,Jackson,TN,38305,I-40
6e547c77-4ab9-49fa-bfdc-0d6ad39abaed,9730 US Highway 70,Brownsville,TN,38006,I-40
6e837904-c3b3-432f-b78f-bce80ada5ea0,505 Patriot Dr,Dandridge,TN,37725,I-40
6ea6cd6b-978f-494d-a434-913c90a82978,481 W Hwy 92 (KY-92),Williamsburg,KY,40769,I-75
6ef81403-6ac8-4aca-8842-8f004d6cbea2,6610 Pritchard Rd,Jacksonville,FL,32219,I-95
6f7fee11-ff4c-445d-b830-d899d682312c,950 FL-206 W,Saint Augustine,FL,32086,I-95
6f8465f7-12d6-48a5-afd8-fb057a1d18fb,1711 W Commercial St,Ozark,AR,72949,I-40
6f9703ca-f211-4241-b6a0-0eed10065024,1476 US Highway 80 E,Pooler,GA,31322,I-95
6fcf0410-53d1-44e8-afa9-db8080d9b50a,9101 W Okeechobee Rd,Hialeah Gardens,FL,33016,I-75
703372a3-ddb0-4201-b738-cab8ded1a1cf,222 KY-770 (Highway 770),Corbin,KY,40701,I-75
7123e9e2-c970-4da1-88d7-7cb1f4c40954,3660 Canada Rd,Lakeland,TN,38002,I-40
713ec7f7-b945-4cab-8cda-063d5d117e1b,556 E State Road 44,Wildwood,FL,34785,I-75
71e6cb4a-6c13-4f87-9686-92e6044703a0,11765 Capital Ln,Fredericksburg,VA,22407,I-95
724d82b8-ca51-4b99-989f-9caa92eccc5c,"2150 S Crater Rd, Suite A",Petersburg,VA,23805,I-95
7263d1cc-402f-4e71-84c4-abe89266f219,408 Highway 149 N,Earle,AR,72331,I-40
72a21b70-6f02-439d-a737-1423eabc65f5,4135 I-75 Business Spur,Sault Ste. Marie,MI,49783,I-75
72afed68-caa3-49ed-b20b-9766e2a533b4,550 Spence Ln,Nashville,TN,37210,I-40
72ff780f-93e7-4421-b8a0-9d79a49205fd,65 Sadler Rd,Dunn,NC,28334,I-95
734dcb31-77d9-4a4a-a07c-f710c03cff1e,7599 Melton Rd,Gary,IN,46403,I-65
737b6683-853c-4c7c-9b81-30aadadb627d,21305 State Route 22 N,Wildersville,TN,38388,I-40
738937f9-3b6d-44d2-9c1e-61ce6e0c43dc,751 S Congress Ave,West Palm Beach,FL,,I-95
73920f3a-b274-4027-bd03-02dc00c5e3b2,1920 Express Way,Findlay,OH,45840,I-75
739d2f45-39e1-4353-9a1d-44d4641c129c,1585 Sycamore View Rd,Memphis,TN,38134,I-40
73be6034-88f2-44ac-9534-f669515c83a4,2105 N Main St,Brinkley,AR,72021,I-40
73f556fb-c779-4a56-896a-4ed1b6d0c666,4033 E Southport Rd,Indianapolis,IN,46237,I-65
740eb2a8-11f4-417c-b100-55913cdad7bb,12100 Valentine Rd,North Little Rock,AR,72117,I-40
7429a8d9-ab7c-4563-be9c-c66b0b19efc4,7507 US-31,Sellersburg,IN,47172,I-65
74398e08-61e6-41b8-b3fd-e22c6c6cf6d0,1650 County Road 210 W,Saint Johns,FL,32259,I-95
7500cfb3-d609-4280-9869-356cb5588398,26505 Jones Loop Rd,Punta Gorda,FL,33950,I-75
7612bd4d-3c89-4824-8916-ea651a1caf95,2962 E 500 N,Whiteland,IN,46184,I-65
76b5c804-3a44-4f97-bbce-c1f66830b180,100 Fish Lake Road,Atkins,AR,72823,I-40
76c7094c-a57d-4c9f-9232-1343eead5d58,6906 AR-124,Russellville,AR,72802,I-40
76e36705-8140-4902-8922-1ae83351ce7a,2400 E 200 N,Lafayette,IN,47905,I-65
76f653aa-907b-4800-865a-1dd03003185a,493 E State Road 44,Wildwood,FL,34785,I-75
773a8400-7000-4901-b31c-6f83dda77af6,1001 Baker Drive,Monroe,OH,45050,I-75
775e2acd-8477-41d7-b7a8-eed2023f229f,43 Interstate Ave,Russellville,AR,72802,I-40
7772b269-fcc4-40df-a5f8-84c8a851880f,365 Tanger Blvd,Seymour,IN,47274,I-65
7781de27-e09d-41fe-b394-5250755d187b,1701 Everett Rd,Knoxville,TN,37932,I-75
779bb801-20f2-4567-b127-011270581bd1,3001 Grant St,Gary,IN,46408,I-65
77cae36c-db9c-4cbf-832a-dbfbb384389b,1503 Avco Blvd,Sellersburg,IN,47172,I-65
7814b01a-0e7a-4500-a515-e265c22c0e26,3116 Noble Way,Hartford,TN,37753,I-40
783d1792-e352-4fb3-bd2b-fc38951c19c8,2510 Burr St,Gary,IN,46406,I-65
786bf473-2404-4915-bd74-a05c7c07989a,3150 Grant St,Gary,IN,46408,I-65
789edf6c-1440-44ca-8034-2d2a483a651d,"I-75 Northbound, Mile Marker 127",Georgetown,KY,40324,I-75
7968ad6f-c140-4f4a-8ca9-a08ddc940203,497 County Road 222,Cullman,AL,35055,I-65
79b23309-1563-43cb-9657-4edb9d990acb,"I-40 Eastbound, Mile Marker 73",Denmark,TN,,I-40
7a1de681-cd92-4406-8bea-30ee681a1c98,6410 E State Road 64,Bradenton,FL,34208,I-75
7ad5c4a4-d850-4901-8542-72497a2d0e47,130 W Trinity Ln,Nashville,TN,37207,I-65
7af1a802-82f1-4501-a026-986e8230ccfb,I-95 South near milepost 40,Carson,VA,23830,I-95
7b2669e3-059c-435e-9a2b-814f63db2e81,306 5th Avenue,Athens,AL,35611,I-65
7b340f8f-28fc-4bca-83a8-bee8a793a4fb,1255 N Dixie Hwy,Monroe,MI,48162,I-75
7b36b126-6502-447f-bb23-84c4010f7203,2126 Ruffin Mill Rd,Colonial Heights,VA,23834,I-95
7b969fa7-19c1-4bd2-b0c5-9663b9007464,3308 Hwy 226 S,Marion,NC,28752,I-40
7c0afaab-bf58-41b1-9e45-2078f713a690,333 Harold G. Clark Pkwy,Forsyth,GA,31029,I-75
7c5326e4-da4c-4e5b-a0cd-48b3efd82863,923 Johnston Pkwy,Kenly,NC,27542,I-95
7c721c5c-0428-4578-bf6b-212951c81717,11775 Snyder Rd,Knoxville,TN,37932,I-75
7ca426a1-8f1c-41fd-a721-3c070ccec7c9,1617 Finley Blvd,Birmingham,AL,35204,I-65
7ced51ec-fa99-48cd-b788-075a711e3dc7,640 Massman Dr,Nashville,TN,37210,I-40
7d145a52-2a8c-420b-87c8-5c8668bca4d9,2020 SW Highway 484,Ocala,FL,34473,I-75
7d2aff0a-c2d6-4a14-96d6-6fb5eee5aaa2,400 S Center St,Hildebran,NC,,I-40
7d3ead5b-1237-474f-9154-06b410f7b410,530 John F. Kennedy Memorial Hwy,Newark,DE,19713,I-95
7d43f079-09a4-4f73-a484-93682b5e28aa,1100 Martin Luther King Jr Dr,West Memphis,AR,72301,I-40
7d74bb54-f22d-4594-8bc8-9d9710f88ac0,8909 20th St,Vero Beach,FL,32966,I-95
7d908a8c-749c-4c46-9c03-9c73ad7b7b36,830 Eastern Bypass,Richmond,KY,40475,I-75
7dd25bf6-0e6b-40f2-b2f8-6f84541b781f,1915 Church St,West Palm Beach,FL,33409,I-95
7de48d80-bca0-454b-b71e-71385ae9c6e5,1190 S Main St,Wildwood,FL,,I-75
7e3bf39e-aaad-40cc-b496-182450fb2ffe,I-75 near mile marker 448,White Springs,FL,32052,I-75
7e7568b1-db1e-4d3a-8403-85df63b12990,6109 US-43 S,Satsuma,AL,36572,I-65
7e79bd38-6884-4e0c-a05e-0303faa8514e,427 East Main Street,Beaverdam,OH,45808,I-75
7e949312-8bda-4eb3-b270-bed57d56fdc0,15559 Highway 13 S,Hurricane Mills,TN,37078,I-40
7eaa790a-ef79-4337-8268-12328f968bfb,3205 Valentine Rd,North Little Rock,AR,72117,I-40
7eb47ea3-8514-41aa-be0d-82f6fbf5e8c3,John F. Kennedy Memorial Highway (I-95 NB),Perryville,MD,21903,I-95
7ec875ca-4ce5-4cc3-89d6-fb9123d30797,727 Fesslers Ln,Nashville,TN,37210,I-40
7ecfa67f-7149-4f2f-b7ff-158fd231e674,504 Gallaher Rd,Kingston,TN,37763,I-40
7edab277-0c0b-4498-a04d-3389926b0fe4,2962 E 500 N,Whiteland,IN,46184,I-65
7ee7902b-c0a6-4f09-8cd7-ba06e9ecb000,2510 Burr St,Gary,IN,46406,I-65
7f5d9778-61ef-40e4-aebb-b4a61d36347f,5301 New Kings Rd,Jacksonville,FL,32209,I-95
7f70f558-89b5-4209-9bc2-2251ff1b4b04,7150 Okeechobee Rd,Fort Pierce,FL,34945,I-95
7f946536-b497-41a6-8f8a-e85b2b6b110d,4154 W US Hwy 24,Remington,IN,47977,I-65
7fa26b2f-a97d-4c5e-aa6f-cb992518cafe,221 Belle Hill Road,Elkton,MD,21921,I-95
7fd02b6b-eeae-4b06-8b67-50c3e9928fec,530 Magazine Ave,Savannah,GA,31415,I-95
7fd8fd68-d59b-4e35-9204-322769767d60,1104 S Crawford St,Clarksville,AR,72830,I-40
8018aa5b-c428-465d-9809-fde4e03cd4a2,162 Luyben Hills Rd,Kingston Springs,TN,37082,I-40
8043b977-b2c4-4107-812e-f8c21ef6c742,101 South Dixie Highway,Cridersville,OH,45806,I-75
8048826e-0d86-40c5-a331-4ff358dde6c3,13121 Walton Verona Rd,Walton,KY,41094,I-75
804c5c9d-e0f9-4667-984d-e4bbd51775db,"I-40 West/I-75 South near mile marker 372 (I-40 mileposts), on the I-40/I-75 concurrency",Knoxville,TN,,I-75
805a25ba-76a7-4f54-a6f6-0cc3ec6e3ff9,7777 Burlington Pike,Florence,KY,41042,I-75
805d280c-667d-4b63-8d21-4fad230696b2,26525 Baker Dr,Perrysburg,OH,43551,I-75
80786332-ef51-4045-9f28-a33abfbf56bd,"John F. Kennedy Memorial Hwy, I-95 Median Service Plaza, Mile Marker 97",North East,MD,21901,I-95
8131d6be-dfa1-41ef-a3b2-8528eae25b1e,6560 Dixie Hwy,Bridgeport,MI,48722,I-75
813c39be-1860-413a-8aaf-86ca8b26e8a3,3924 W Silver Springs Blvd,Ocala,FL,34482,I-75
814102e7-0d34-48e9-a873-437b194bad6f,2164 Highway 70 E,Jackson,TN,38305,I-40
81d9cb9f-6dd2-491c-8417-5636d505adb5,23845 Rogers Clark Blvd,Ruther Glen,VA,22546,I-95
822e64d5-03ad-42b3-b08e-d1b518910506,7061 Lake Park Bellville Rd,Lake Park,GA,31636,I-75
83264a37-d31f-4775-8a1f-05901e60397d,"312 Marshall Avenue, Suite 204-A",Laurel,MD,20707,I-95
83d35d2c-b77c-44ea-8e25-6b0c1b3722c1,493 E State Road 44,Wildwood,FL,34785,I-75
83eb8512-0dd4-42b4-84e2-f49e5a9c4ff9,13820 Highway 641 N,Holladay,TN,38341,I-40
84220419-b8f4-47eb-bae1-d9fb3dc20040,"I-40 Westbound, Mile Marker 44-45",Stanton,TN,,I-40
849b2949-0caf-4874-9c23-e1c79c2ecf35,1129 Smokey Mountain Lane,Newport,TN,37821,I-40
84a2be77-5f4c-469a-8bf3-9a768ad0ad69,1316 Cahill Dr,Lexington,KY,40504,I-75
84a7fdb0-85d9-47e2-a615-c507033be742,227 Belle Hill Road,Elkton,MD,21921,I-95
85185773-3082-49d5-b2f0-74135faedfe7,1100 Martin Luther King Jr Dr,West Memphis,AR,72301,I-40
8518cd23-a383-4308-bf0a-48a23448d54d,14992 N Mackinaw Hwy,Mackinaw City,MI,,I-75
8542de02-fe4f-41a4-adcb-40ddf3f6b340,17308 Park 78 Dr,North Fort Myers,FL,33917,I-75
856e353b-3c68-4b11-9ec1-c0f5a898c888,2005-A N Main St,Brinkley,AR,72021,I-40
8578017a-7ea0-4c38-a6ed-abf7b5a39d0f,3001 Grant St,Gary,IN,46408,I-65
85a4e108-aa86-4a0f-8bd2-aa595ed5c6a2,6110 Rutledge Pike,Knoxville,TN,37924,
861f3ac4-7494-480b-821c-05f6c9cf886d,26415 Warns Dr,Perrysburg,OH,,I-75
8648fd08-4508-4342-b1f0-6c5d42d46f04,850 Stephen Blvd,West Memphis,AR,72301,I-40
866d463e-0f44-43fe-984f-33291dd073f0,980 W South Blvd,Montgomery,AL,36105,I-65
86f3090a-0f4e-4103-a7c5-befcbd96aa85,110 Fast Ln,Baxter,TN,38544,I-40
877374ab-3d90-4893-a9bd-77893e763ae9,1777 US 31,Greenwood,IN,46143,I-65
883306d0-320d-4a35-bbc8-6e87f859cf48,4313 W Mount Morris Rd,Mount Morris,MI,48458,I-75
8834db27-9646-4ec7-be01-8249b27e8034,201 Reep Dr,Morganton,NC,28655,I-40
88746b7d-8394-4cc4-bcd4-433183514d18,531 State Highway 149 N,Earle,AR,72331,I-40
88873aca-7462-45e9-bbe1-a9ebaa15cf60,1025 S Crawford St,Clarksville,AR,72830,I-40
894798c3-0460-4016-b5a1-ca4505143ee5,4255 NW Highway 326,Ocala,FL,34482,I-75
8947e3ea-dd2f-43ea-bdde-41c3864cbfb6,8067 FL-6,Jasper,FL,32052,I-75
894b3ac4-90d0-4a5d-bd24-0bc534e4eaa8,"I-75 Northbound, mile point 34 (Laurel County)",London,KY,,I-75
8954f3e6-074f-40a5-b8b5-d960808ab94d,1148 E 23rd St,Chattanooga,TN,37408,
89c2531c-300b-4d19-b9f8-e4f065f2d605,8436 Ford Ave (GA-144),Richmond Hill,GA,31324,I-95
8a0b0dd8-8c92-495c-8eba-c6cdfc3eee63,546 Old Trinity Road,Decatur,AL,35601,I-65
8a1de13d-bd2e-4ece-ae16-6eae921f024b,1065 Owenton Rd,Corinth,KY,41010,I-75
8abd0ae7-4cad-4015-9309-0c1ad798955e,I-75 South near mile marker 343,Ringgold,GA,,I-75
8bb903e1-31e5-49e4-a4c0-26bfbb21cc7e,529 Emma Rd,Asheville,NC,28806,I-40
8bdb3077-44fb-4228-8ae3-6328fa661a28,1600 County Road 437,Good Hope,AL,35055,I-65
8be8a312-d7fe-4b5d-8029-4e4be16db6cd,16101 US Highway 84,Evergreen,AL,36401,I-65
8bf6630b-8c97-45c5-b219-f6b2e21d760a,2301 W Lucas St,Florence,SC,29501,I-95
8c540454-72fe-46ce-b5ab-41d5583a2812,1615 E Main St,Greenwood,IN,46143,I-65
8c6afd87-8cac-4a4e-9490-fae510386cdf,400 Pecan Park Rd,Jacksonville,FL,32218,I-95
8cb6aa2b-13c3-4f79-8b1b-ee434bb8cee8,781 Moores Ferry Rd,Skippers,VA,23879,I-95
8cb9aef4-4c5d-438f-9b3d-2135401b5137,1710 Fairgrove Church Rd,Conover,NC,28613,I-40
8ccbab3d-94f9-4ece-a131-e5e5419e8203,1801 Edison Dr,Lexington,KY,40503,I-75
8db48971-1cce-454d-a9c4-24f001a1aca5,3001 Grant St,Gary,IN,46408,I-65
8e2421bd-15c8-49f2-8442-874641d24719,6560 Dixie Hwy,Bridgeport,MI,48722,I-75
8e45129e-f0ee-4934-b400-229304cf6cd1,2109 Belmont Dr,Richmond,KY,40475,I-75
8e766083-c9ba-4102-a0f6-3615f14b3b54,465 State Route 103,Bluffton,OH,,I-75
8e79a54d-cad6-460c-9fd5-d5d118342bd3,13306 St John Church Rd,Stony Creek,VA,23882,I-95
8edd2af2-0264-4f08-aa18-6eb37b42e1c1,416 Village Avenue,Beaverdam,OH,45808,I-75
8efeac67-b7ef-4e1b-8f82-977316b3137a,1589 Skippers Rd,Emporia,VA,23847,I-95
8f05b35f-a63f-4345-a04c-fac2729ef302,3100 Transportation Rd,Dayton,OH,45404,I-75
8f2aedd7-e4a2-40b8-98c0-22c027127390,134 Toney Penna Dr,Jupiter,FL,33458,I-95
8f306b35-1615-4795-93eb-a5f7394bd5ed,161 Criss Black Road,Cartersville,GA,30120,I-75
8f9f63e8-3893-4921-a48e-66dabad53692,1501 Everett Rd,Knoxville,TN,37932,I-75
8fb4e1c8-bbd6-45dc-b76e-5b67a0e12840,21055 West Rd,Woodhaven,MI,48183,I-75
8fbdb2db-5a92-446e-97c8-fd0473a6a2a8,1010 N Main St,Palestine,AR,72372,I-40
904bda8d-b42d-49ce-88d2-5b2fd4ca4191,7401 W Highway 318,Reddick,FL,32686,I-75
910b954b-022b-4076-90dd-ef5e144fa3ef,209 Minnear St,Cookeville,TN,38501,I-40
9172f64e-0836-45fd-a136-3e9c914b7097,3231 E 181st Ave,Hebron,IN,46341,I-65
91b8ddaa-6012-4ab7-839a-ded888eb912d,153 Wiggins Rd,Candler,NC,28715,I-40
91d0418b-ed0e-488a-8839-3486653ab473,1257 Cox Ave,Erlanger,KY,41018,I-75
9216c281-99ca-4b5f-8a8d-c5f5e952a769,I-75 Northbound,Georgetown,KY,40324,I-75
925013f5-8de1-4263-999a-8121bb9bd399,3475 E Washington Rd,Saginaw,MI,48601,I-75
9286ea5b-259f-47ce-a075-eec19375191e,1009 E Service Rd,West Memphis,AR,72301,I-40
92a67cb7-3086-461e-a710-7ab4be8446cf,481 W Hwy 92 (KY-92),Williamsburg,KY,40769,I-75
930d8058-2612-4312-99fe-c80cc9d03e11,3300 Highway 391 N,North Little Rock,AR,72117,I-40
93d11293-5961-44a5-ba5d-ae01bf86716b,19701 Sheridan St,Pembroke Pines,FL,,I-75
943d41c1-4b32-41d2-b585-af228ee8277b,2480 S Wilderness Rd (US-25),Mount Vernon,KY,40456,I-75
94bc004a-3a24-4439-839f-218d3c8f6249,1897 Genesis Rd,Crossville,TN,38555,I-40
9509b408-a8b1-4f4b-a5a4-a4fa0a47bc61,1650 County Road 210 W,Saint Johns,FL,32259,I-95
95180b7c-b0de-487b-88db-9d2279c18231,1129 Smokey Mountain Lane,Newport,TN,37821,I-40
951b39b1-6f25-40de-b2d3-d7cbca0d66a0,6050 Plaza Dr,Fort Myers,FL,33905,I-75
952c949f-05a6-4b90-b5ab-85c53c3296da,3112 Highway 391 N,North Little Rock,AR,72117,I-40
9615e271-6080-44ba-bb9a-94ee75384e83,800 Martin Luther King Dr,West Memphis,AR,72301,I-40
964e5e38-d45d-4c4b-812a-c4ecf904bb4e,1482 W M-32,Gaylord,MI,49735,I-75
9659739b-ba64-409b-9d90-e350b6c250ca,1915 N Cashua Dr,Florence,SC,29501,I-95
9691fa24-7dec-48e1-83f0-6c8549f85d40,7300 Okeechobee Rd,Fort Pierce,FL,34945,I-95
97435277-e8a8-49a8-9ff1-0ed17bec85af,47801 W State Road 84,Ochopee,FL,34141,I-75
97a91141-ec4d-49fb-b8d2-4c30a90c308a,I-75 Southbound near mile marker 81,Piqua,OH,,I-75
97c2f56e-498f-48f7-90e7-3f44713cd4ab,1029 Cooper Dr,Berea,KY,40403,I-75
97e31e0f-bc66-4f04-af6a-f802c20e42c2,116 Jasmine Dr,Newport,TN,37821,I-40
97fcf610-ee57-4801-ab8f-87af7945076d,5930 E State Road 334,Whitestown,IN,46075,I-65
98192ea9-07b8-41aa-8b7d-82a96752bd04,2400 E 200 N,Lafayette,IN,47905,I-65
989e6437-46b1-45ce-a5b2-7f7d4d0cb18a,1504 SC-38,Latta,SC,29565,I-95
98a38aa5-c4ed-4534-b331-56b71a9a2edf,781 Moores Ferry Rd,Skippers,VA,23879,I-95
98e68fa9-34aa-446a-b6c4-f8fce0026b24,355 Violet Rd,Crittenden,KY,41030,I-75
997324d7-302b-489e-b985-a31d43e886f5,3799 Colonel Rd,Richmond,KY,40475,I-75
997524e9-7d7a-48d1-b5e5-21ece287e0ec,5225 W 26th Ave,Gary,IN,46406,I-65
99b0069f-3667-4fae-80d2-e582dbf64ea4,1731 Whitten Rd,Memphis,TN,,I-40
99e14e2c-5498-4df1-b60b-7ff743aec8ae,42 Bradley Cove Rd,Russellville,AR,72801,I-40
99f4a8cf-a977-46a5-8226-ad8721be76b9,"I-95 Southbound, Mile Marker 24",Lumberton,NC,28358,I-95
9a0ac97f-90d6-4f60-a96d-d51791049ffe,"I-95 North, milepost 0-1",Skippers,VA,23879,I-95
9ac45310-ac8c-4885-a5aa-ebf787c2f13a,15976 Whyte Hardee Blvd,Hardeeville,SC,29927,I-95
9acc0450-cc55-4324-92b7-85d68f4e4b0b,11155 Mosteller Road,Sharonville,OH,45241,I-75
9b0bb934-cb3a-499c-b362-8f665e065b81,23866 Rogers Clark Blvd,Ruther Glen,VA,22546,I-95
9b1575ec-7faf-47cb-b245-8d261efc12a0,8814 Dietz Ave,Hickory,NC,28602,I-40
9c2aa267-97a4-41b0-b7f0-9f4bf832fde8,2009-B Michigan Street,Sidney,OH,,I-75
9c955780-f55e-47c3-b3d1-62781388e2af,1650 County Road 210 W,Saint Johns,FL,32259,I-95
9cc571cf-6f5a-47bd-8cae-b59626a344e9,5800 Nelson A Miles Pkwy,Grayling,MI,49738,I-75
9d0ebd15-c261-4702-a709-a7828d639a9d,2600 W I-65 Service Rd N,Prichard,AL,36612,I-65
9d5b4987-bd0e-4332-ae57-b774ca5ee801,100 N Kings Hwy,Fort Pierce,FL,34945,I-95
9dc5d00c-ead7-4a91-a14d-318deff7c7fc,1224 S Main St,Wildwood,FL,34785,I-75
9eaf0102-674a-4c29-a360-b2de6807e4f1,4032 W Highway 326,Ocala,FL,34482,I-75
9eb4f46e-b11a-4d3c-be3b-6e34a79f3631,153 Wiggins Rd,Candler,NC,28715,I-40
9eb5cdaa-1e13-48a0-b82f-d573166dfe03,1475 W Market St,Troy,OH,,I-75
9ecc9414-262e-42ef-befa-82f1c3180514,2611 Genesis Rd,Crossville,TN,38571,I-40
9ee0d88b-f880-4157-81ec-2453ef1f37ed,"I-95 Southbound, Mile Marker 37",Savage,MD,20763,I-95
9f3e2546-35b1-4aa4-a738-c98b944696e6,4401 US Highway 17,Richmond Hill,GA,31324,I-95
9fa8f22a-5b4b-40a7-a594-885560ee35a0,18011 Colorado St,Hebron,IN,46341,I-65
9fb45fb9-5d97-4ed0-911e-352e92f9fd5a,1954 Highway 31 N,Lonoke,AR,72086,I-40
9fc4690a-b7e5-401b-84b7-25290c232a2b,9180 E Birch Run Rd,Birch Run,MI,48415,I-75
a07fae97-fa99-4f05-9ce1-7ce68d531e5a,2050 Highway 70 E,Jackson,TN,38305,I-40
a109cc92-378c-4d57-ac39-da50a5c2a2c6,111 Mill Branch Rd,Latta,SC,29565,I-95
a18196bd-7c30-48c5-854d-f9a588f7fe5e,800 Martin Luther King Dr,West Memphis,AR,72301,I-40
a199a4b9-60d4-4e07-9a81-b518b722a483,1058 Deep Springs Rd,Dandridge,TN,37725,I-40
a1b16ec7-c91b-4173-8790-c48f19ff7cf7,2990 US Hwy 17 S,Brunswick,GA,31523,I-95
a1bc2913-40f7-469b-b03b-5ef019d5bb60,3202 Pence Lane,Ozark,AR,72949,I-40
a218b1d7-0741-45dd-966b-364b328b7795,1025 S Crawford St,Clarksville,AR,72830,I-40
a27c2657-ae16-45da-9332-c6133d808617,16729 S Crater Rd,Carson,VA,23830,I-95
a2881397-1a79-4517-be05-ad60362466c9,31 Heather Lane,Perryville,MD,21903,I-95
a2a5fbfa-7592-47d9-b1ea-b92b20de7058,1506 N Oak St,Morrilton,AR,72110,I-40
a3953ace-f227-41eb-8824-30476efb2e60,15976 Whyte Hardee Blvd,Hardeeville,SC,29927,I-95
a4208eeb-b29b-455a-8c1f-00debf6b8670,5800 Nelson A Miles Pkwy,Grayling,MI,49738,I-75
a57598de-7650-40f5-a6c7-57697b006955,3655 Ridgecrest Rd Ext,Jackson,TN,38305,I-40
a57aadf4-496b-4065-83e8-5c87885bf2b0,"4135 I-40 (mile marker 130.5, eastbound)",Holladay,TN,38341,I-40
a5c289a1-177f-479f-9e18-84571c3d8190,401 Buff Blvd,Summerton,SC,29148,I-95
a5c7da21-c5da-4094-8e3a-0724fd6231b9,2348 Smokey Park Hwy,Candler,NC,28715,I-40
a641f4bb-fad2-49c5-9b64-a856c9b2d976,11471 State Route 613 W (OH-613),Findlay,OH,45840,I-75
a66959e8-5539-4e5c-9f94-118ebedc6397,1334 Rumble Rd,Forsyth,GA,31029,I-75
a68d59ed-297d-4b52-96c3-f59bfc608bb0,81 Fesslers Ln,Nashville,TN,37210,I-40
a6b4c790-4ba6-48e8-bdad-2af3822a8f99,1111 S Jefferson Ave,Cookeville,TN,38506,I-40
a7039d72-37d9-4b9d-aa5b-084491f3a2f6,1940 Highway 45 Bypass,Jackson,TN,38305,I-40
a70da55a-2a2e-420a-953c-4b6d46e1c435,520 S State Rd 39,Lebanon,IN,46052,I-65
a72cd51e-255d-4126-a5b2-f3ec4e53e73a,910 Cosby Hwy,Newport,TN,37821,I-40
a74a9bb2-0a9c-4427-89d6-22e8715c7b7e,3006 N Williston Rd,Florence,SC,,I-95
a77f9fde-3b52-4f86-961d-91e168d388d5,3006 N Williston Rd,Florence,SC,,I-95
a7a13453-9509-4465-98f8-e94a8ff9ff75,401 Thomas Run Road,Bel Air,MD,21015,I-95
a7cd01f6-bc31-4983-8bb6-89a2d6360e0f,2 Sonny Perdue Dr,Garden City,GA,31408,I-95
a7ec52fe-a86e-44a8-ae48-cd48c12b68bf,5000 Harrison Rd,Macon,GA,31206,
a8527241-4fec-4e27-96d9-f3d5e882376b,13190 Deshler Rd,North Baltimore,OH,45872,I-75
a8a32662-d389-4d96-9653-6fde235726d0,110 Triport Rd,Georgetown,KY,40324,I-75
a8c03a61-df69-466d-bbf3-9bde66a34005,15 Parkway Circle,New Castle,DE,19720,I-95
a8c4f2d2-a328-4706-8fe2-5b4230bde389,15 Dogpatch Trading Center,London,KY,40741,I-75
a8c59dd9-a02e-41d1-b843-850c5fa78b43,5930 E State Road 334,Whitestown,IN,46075,I-65
a8d7a25d-dbe1-4cf0-87ba-640ca6973894,218 KY-770,Corbin,KY,40701,I-75
aa897b1d-e1de-4ff0-8ae6-45d82b3077c7,3686 Pulaski Highway,Cornersville,TN,37047,I-65
aab7a84d-f5c3-436a-a8c4-5b3c181f2ed2,1025 SR 206 W,Saint Augustine,FL,32086,I-95
aaca5bca-e624-4522-8f04-bf85e4e7d7d4,6025 Lees Mill Rd,Forest Park,GA,30297,I-75
ab60f5a4-bfb6-4841-bc60-dc8414412eee,2766 US Highway 17 S,Brunswick,GA,31523,I-95
ab64b757-a841-4754-b0cf-0d36aa10087c,1100 N Dixie Hwy,Monroe,MI,48162,I-75
abd74d87-27d2-44c5-bf68-7e0c999a1021,5640 15th St E,Bradenton,FL,34208,I-75
abdd2d3e-b725-46c9-ac11-0982e7a36962,2241 Fair Rd,Sidney,OH,45365,I-75
abdf8ec0-0299-49fc-b832-31219bed310d,4181 W Mount Morris Rd,Mount Morris,MI,48458,I-75
ac64dd0e-2288-4bb0-85b8-2f1913dfd9f6,2126 Ruffin Mill Rd,Colonial Heights,VA,23834,I-95
ac82ce7a-885f-485b-b1f6-b7072af48ca8,7001 GA-21,Port Wentworth,GA,31407,I-95
ad02b07e-d2e3-4c78-978f-c18dee094d5b,323 E. Emory Road,Powell,TN,37849,I-75
ad67dd4a-685b-4d62-be05-0b97f31c8e5f,1657 N US Highway 1,Ormond Beach,FL,32174,I-95
ad99dad8-e471-4f54-b766-0faf074cb337,4201 Petro Dr,West Memphis,AR,72301,I-40
add1c18a-6a1a-4dd0-8364-a3685f8a4c51,415 Scruggs Road,Chattanooga,TN,,I-75
adde99fe-b99d-4c75-b0a1-979badd7595b,5360 Athens Boonesboro Rd,Lexington,KY,40509,I-75
ae07d309-759d-4ad4-bf96-96cc0f8f3ebe,426 AL Highway 69 S,Hanceville,AL,35077,I-65
ae5c7f98-3827-4f30-a664-af01f578db47,1400 Elkton Road,Elkton,MD,21921,I-95
ae8ba987-054f-4b07-afad-25d489af271c,121 Access Rd,Van Buren,AR,72956,I-40
ae94cca9-39c9-4e4d-bd4c-8401455945b8,145 Richwood Rd,Walton,KY,41094,I-75
aefe40b7-0823-48ca-81c4-5ebb4bd824a6,41 Gary Lane,Russellville,AR,72802,I-40
af850276-f3a2-4d26-b48a-43ec8e6b0367,7777 Burlington Pike,Florence,KY,41042,I-75
af93fa04-c103-493c-aa68-469a003407a6,1960 US Highway 70 SE,Hickory,NC,28602,I-40
b02dc944-f9fc-4392-b5f6-47710831930a,917 US-2 W,St. Ignace,MI,49781,I-75
b04bb2a3-499f-4184-afb2-ea9fdcd26826,5829 State Road 43 N,Lafayette,IN,47906,I-65
b051d12e-5a30-48cf-b09f-641248bd3468,3900 Petro Rd,West Memphis,AR,72301,I-40
b139516b-3826-4241-90b1-050b8b83b179,42 Bradley Cove Rd,Russellville,AR,72801,I-40
b14b490c-6516-43d5-b38d-8aa2e3b7370b,162 Luyben Hills Rd,Kingston Springs,TN,37082,I-40
b1514239-fa54-4699-9b65-609e0283b1cb,2185 Grant Rd,Portage,OH,,I-75
b1a240d4-a067-4094-83b1-6bd6fc63f308,1800 Linder Industrial Dr,Nashville,TN,37209,I-40
b2169613-5952-4904-a0f4-104f9c4d8e8e,2636 E Tipton St,Seymour,IN,47274,I-65
b22dba94-110c-4d51-8302-f220ef34a43c,3345 Percy Priest Dr,Nashville,TN,37214,I-40
b23b7bb8-2aab-4205-bdd6-173a12dd5b3e,1065 Owenton Rd,Corinth,KY,41010,I-75
b25603ec-f8d8-415f-a1a6-0ba3d4b616c4,8909 20th St,Vero Beach,FL,32966,I-95
b2af1bed-36cf-4497-8e3d-d2c2209fca12,409 Yemassee Hwy,Yemassee,SC,29945,I-95
b2b47835-26cd-4b73-9b81-aeb562872970,800 Watt Rd,Knoxville,TN,37932,I-75
b2bf2309-7ab1-402c-9edf-8d3fcd07cf48,1937 Cedar Creek Rd,Fayetteville,NC,28312,I-95
b2d64c85-4150-4bf2-a7ed-a8f2d9ea31f4,23866 Rogers Clark Blvd,Ruther Glen,VA,22546,I-95
b329619c-5f8f-4cdc-97f9-71cc089f535d,3725 Ramsey St,Fayetteville,NC,28311,I-95
b338afed-6894-4b1b-b116-d1acae79348c,120 Senate Drive,Monroe,OH,45050,I-75
b3599210-d9f5-44da-8fc9-fedf5816e0ed,408 Highway 149 N,Earle,AR,72331,I-40
b3c074e4-06a3-4cb4-b205-6ad5ddae3476,7210 Strawberry Plains Pike,Knoxville,TN,37914,I-40
b3f396e1-8990-4df2-9cd8-b0c8d353d66c,1127 Tyson Rd,Hope Hull,AL,36043,I-65
b440672c-2cac-41cc-b748-a2c6867dbd67,2541 Highway 161,North Little Rock,AR,,I-40
b440fb9a-6e87-485e-8279-680b862a8f0b,"I-95 Southbound, Mile Marker 155",Dale City,VA,22193,I-95
b4a4a740-5466-4969-9770-542cc900e3b6,"I-75 Southbound, milepost 168",Crittenden,KY,41094,I-75
b5213d8a-633f-4d73-9172-7ec041bc1cc0,3404 Highway 63 N,Hazen,AR,72064,I-40
b56be6f2-17ec-4da0-a47a-270aa6e2176a,2801 Clinton Hwy,Powell,TN,37849,I-75
b5977e77-d52c-472c-8621-4ea27662cfb4,6364 Dixie Hwy,Bridgeport,MI,48722,I-75
b5d906d6-22c5-4ed5-b39e-b8eea589346d,3404 Highway 63 N,Hazen,AR,72064,I-40
b60e869c-5742-40c5-b837-efc9577a6153,416 Village Avenue,Beaverdam,OH,45808,I-75
b621363d-e4d4-40c6-a04d-09e950264b12,3014 Paxville Hwy,Manning,SC,29102,I-95
b66b0f4d-ff5f-452c-82a7-a74151a6bcc1,2320 Highway 46 S,Dickson,TN,37055,I-40
b67852b7-a14e-43d2-b786-b8536fed05d5,313 Porter Rd,Sadieville,KY,40370,I-75
b6d01963-8cf5-47b9-b982-c81a408933b4,2105 E 5th St,Metropolis,IL,62960,I-24
b7a1bf29-998f-498a-a44a-0974411802b6,249 W Cumberland Gap Pkwy,Corbin,KY,40701,I-75
b7c5c85d-80c3-4b9d-9731-bd1047b7eca5,6560 Dixie Hwy,Bridgeport,MI,48722,I-75
b7e17908-c076-4ea5-9344-dd3d61032e91,11845 Highway 25,Calera,AL,35040,I-65
b7f59d75-ac92-4bff-8593-6904d706a3eb,585 Hwy 9,Black Mountain,NC,28711,I-40
b853c27b-e5f4-4288-a608-0d9f240d5b71,3460 E Washington Rd,Saginaw,MI,48601,I-75
b89a9bb7-6833-4f23-8466-1d6660615cd3,2032 NC-48,Pleasant Hill,NC,27866,I-95
b8b8025b-b522-4eb1-90bc-ae35d7023de0,3202 Pence Lane,Ozark,AR,72949,I-40
b8bff6ef-fb37-4415-9966-9e0ef40bbb4d,4075 Jones Branch Rd,Jacksonville,FL,32219,I-95
b8ce0ae0-c912-4c87-b0e1-07c85abfbae3,1400 E Kibby St,Lima,OH,45804,I-75
b90f8a31-7e91-45ae-beb4-814184f70330,2055 E 5th St,Metropolis,IL,62960,I-24
b92f4315-9237-42fc-ba92-71c2e383e7cc,300 Arby Dr,Clanton,AL,35045,I-65
b9aaf283-56ff-4714-a122-bff468dfc77c,5102 E 500 S,Whitestown,IN,,I-65
b9b49d33-ae7d-4ca0-b197-6986c17eef18,2636 E Tipton St,Seymour,IN,47274,I-65
b9c7c0fd-8292-4f9f-8424-ab1914e68738,918 W Atlantic St,Emporia,VA,23847,I-95
b9e80538-3a48-4908-b953-7008f3904786,6410 Grange Hall Rd,Holly,MI,,I-75
b9f278be-2aaa-4588-ba3b-843fe44fe91d,3352 Burma Rd E,Nebo,NC,,I-40
bae44b4e-68ae-41f8-a15f-219606517dbf,2501 Burr St,Gary,IN,46406,I-65
bb1157b5-7938-4625-b424-393303bcc31e,250 N US Highway 71,Alma,AR,72921,I-40
bb259141-976d-43b2-969f-e7087797dfd5,1217 Deep Springs Rd,Dandridge,TN,37725,I-40
bb4d283f-1f08-4acd-a062-850f5bc309c6,12906 Deshler Rd,North Baltimore,OH,45872,I-75
bbb6d29c-9a64-46fa-859f-2496d6085564,6050 Plaza Dr,Fort Myers,FL,33905,I-75
bbe85dec-152f-460c-a888-a1eb45ba5af7,1609 Nadeau Rd,Frenchtown,MI,48161,I-75
bc81fd4d-e85c-4de1-b213-705b1aa79e8b,29933 State Road 52,San Antonio,FL,33576,I-75
bcae0f5b-0105-4eb0-a456-e9a27067846b,2325 Highway 46 S,Dickson,TN,37055,I-40
bd27e9bc-6b14-4810-b20d-26a04702c477,4230 W US Hwy 24,Remington,IN,47977,I-65
bd45a0c6-862a-4c3b-a2ae-8ef2a07781c2,"I-40 eastbound and westbound, approx. 12 miles west of Asheville (Buncombe County)",Asheville,NC,,I-40
bd4ef3ee-4a8d-48f5-bb60-aaa6dddd648d,1775 Bellefontaine St,Wapakoneta,OH,45895,I-75
bd6dadb7-6053-4d42-a0e9-028f9d319b5c,1609 Nadeau Rd,Monroe,MI,48162,I-75
bd85fd98-ea7b-4d66-8653-aead91b721ab,120 Sunny Hill Cove,Brownsville,TN,38012,I-40
be40a471-cbe3-4486-9c3d-daa610788abd,4951 Quality Drive,Fredericksburg,VA,22408,I-95
be5425db-a39a-4219-a80e-88900202f3f7,4155 S Indianapolis Rd,Whitestown,IN,46075,I-65
beb05d53-db50-49cb-8790-ec01b45c8187,3001 TV Rd,Florence,SC,29501,I-95
bf3f8a8f-2e0e-4a3e-9c2c-d18660c742f1,15947 Highway 13 S,Hurricane Mills,TN,37078,I-40
bf442593-3ba3-4d1b-b752-64b98bbf4d0f,11758 Township Rd 100,Findlay,OH,45840,I-75
bf497604-5909-4f3f-9b2a-d0172b307c44,5160 Fayetteville Rd,Lumberton,NC,28360,I-95
bf859b17-33b7-4fb7-995a-1d7cb462c529,11471 State Route 613 W,Findlay,OH,45840,I-75
bf9f7bff-15b9-4252-9fed-9818d877fafa,16 W Washington Ave,Athens,TN,37303,
bfadf192-bbdd-45b1-a64a-e6bf10c2ba74,3750 Madison Hwy,Valdosta,GA,31601,I-75
c01c6383-b1bb-4f29-815a-a9781159e490,1435 Tunnel Rd,Asheville,NC,28805,I-40
c041cd41-88dc-4a27-9533-4f5d11219fb7,3155 Big Creek Rd,Hartford,TN,37753,I-40
c043c657-b831-460b-a310-0129638ffa32,8830 Main St,Birch Run,MI,48415,I-75
c0884a63-939a-4493-9de9-3a497f3aba5f,200 Kenworth Blvd,Jackson,TN,38305,I-40
c0d803ff-2516-4efe-aecb-b94c0a7e3649,14575 OH-119,Anna,OH,45302,I-75
c155ccb3-73d8-4cee-ab06-8be51125d95c,2032 NC-48,Pleasant Hill,NC,27866,I-95
c1566ed5-05d1-41ec-b101-6fcb878c1d07,1024 Highway 192 (192 Bypass),London,KY,40741,I-75
c1ef60d0-9302-4eb4-abd7-4d5cd5b2f36d,6533 State Road 38 E,Lafayette,IN,47905,I-65
c251431a-ff37-4d55-9b22-1fd126b525aa,224 Daniel Payne Dr,Birmingham,AL,35207,I-65
c297e04a-9f49-46d2-8ca2-28b97d243a62,1200 Nadeau Rd,Monroe,MI,48162,I-75
c2c1f50d-712b-46bd-a443-86cc9410b011,21465 Highway 22 N,Wildersville,TN,38388,I-40
c2da6e30-1a23-4b1a-9160-4a8687518b3b,679 Hwy 365,Mayflower,AR,72106,I-40
c32686ff-6cf3-4422-af97-80b823e07eb9,8795 Main St,Birch Run,MI,48415,I-75
c33f9a80-5ca6-4e5e-8248-51b5d1a2f2f7,887 N Gardner St,Scottsburg,IN,47170,I-65
c36a20c0-a035-4478-93c5-c93dceffb194,9211 Lewisburg Highway,Cornersville,TN,37047,I-65
c372a30e-8b6d-44db-b71f-1a3621ef7a7e,950 FL-206 W,Saint Augustine,FL,32086,I-95
c3dc2406-02fd-41e0-98fe-b38111f2f639,3904 Petro Dr,West Memphis,AR,72301,I-40
c3ed2924-e776-4546-bd7c-1547e2413728,6202 Fairfield Dr,Northwood,OH,43619,I-75
c43fdbd0-acb9-4d1d-a319-33fffc4c53eb,707 KY-909 (Hwy 909),East Bernstadt,KY,40729,I-75
c46096bc-5104-421a-8170-22a88bfea17f,301 Dungeness Dr,Brunswick,GA,31523,I-95
c4997c9e-6181-4948-843c-6aaec49240b4,2050 Highway 70 E,Jackson,TN,38305,I-40
c4ad7a64-e08a-4c08-a883-277380ff7226,956 Enterprise Ct,Lexington,KY,40510,I-75
c4fa7a01-7327-4a45-9a23-1d24e9bd4a3e,2320 Highway 46 S,Dickson,TN,37055,I-40
c5a48945-a47e-4fd5-914d-84f308fce637,26505 Jones Loop Rd,Punta Gorda,FL,33950,I-75
c63db5dc-8787-4c30-b828-16e6ea586188,2636 E Tipton St,Seymour,IN,47274,I-65
c68400b5-2216-4061-901a-4044d44e19ab,401 Buff Blvd,Summerton,SC,29148,I-95
c7360ace-11b4-4bf4-8710-85564f379abe,4181 W Mount Morris Rd,Mount Morris,MI,48458,I-75
c7d92966-ddcd-4536-8992-193b66e21c6f,I-95 Northbound near Dumfries,Dumfries,VA,22025,I-95
c82e72bd-86ea-405d-8a21-8d9e86e4211a,12820 County Road 42,Jemison,AL,35085,I-65
c836ca77-8b3f-4c79-b105-d28f08025772,1750 Salem Rd,Cookeville,TN,38506,I-40
c8a6032f-6f28-430d-acc6-6fb11667529d,3303 W Fifth St,Lumberton,NC,28358,I-95
c98c8bbd-c96d-42dd-8250-6114418fac02,4369 Highway 63 N,Hazen,AR,,I-40
c9ebaa0f-5ca1-44d9-91c3-1965fdd9f9a4,13700 S US Highway 441,Lake City,FL,32025,I-75
c9fe8db3-89c2-4078-9340-785683fff9cf,1021 Coca-Cola Blvd,Dayton,OH,45424,I-75
ca06adc7-efad-41a5-9da7-e074fc99a452,120 Carr Ln,Richmond,KY,40475,I-75
ca425f23-4099-4217-b883-057a8270932a,1255 N Dixie Hwy,Monroe,MI,48162,I-75
ca4da6a3-c18d-4f65-88ec-1076319eb6c5,4455 W King St,Cocoa,FL,32926,I-95
ca53a744-8ac6-4962-a299-1fb54d6b9f82,3730 Speedway Drive,Findlay,OH,45840,I-75
ca5e9f7f-ad38-416d-a923-c86fe97befd8,2 Sonny Perdue Dr,Garden City,GA,31408,I-95
cabfc0a1-1c23-4475-8fce-1e7f0322d438,3308 Hwy 226 S,Marion,NC,28752,I-40
cb0165c3-ad4e-448f-b5ea-7a87baef77a9,743 131st Pl,Hammond,IN,,I-65
cb44453b-2e91-403c-b840-fa0ebe9c211e,2766 US Highway 17 S,Brunswick,GA,31523,I-95
cb524d9b-af29-4607-bf18-07d0c7c13b50,4740 Jack Springs Rd,Atmore,AL,36502,I-65
cb6ce84c-cf06-40c0-bc53-41bc41c426a8,400 Pecan Park Rd,Jacksonville,FL,32218,I-95
cbd3eb31-8759-4d5b-9000-9bcd7f5dcd2f,4167 Highway 63 N,Hazen,AR,72064,I-40
cbfc290b-82f8-4be8-831a-e806bca0ab8c,3364 Dug Gap Road,Dalton,GA,30720,I-75
cc5eadd1-f22b-4a84-a1a8-7ec8f315f47a,51 Springdale Dr,Newark,DE,19711,I-95
cc5fe530-72f9-4f40-82de-bb55487a82cc,15060 US-641 S,Holladay,TN,38341,I-40
ccb0260f-c724-403d-9128-09d6a31b4fab,7422 Bonnyshire Drive,Chattanooga,TN,37416,
cd4783d1-b67c-4c09-b056-6a72f5606229,615 Watt Rd,Knoxville,TN,37922,I-75
cd771c29-16fa-499b-a89b-513470225fe0,1210 Sparta Pike,Lebanon,TN,37090,I-40
cd88c617-b2ec-4c4e-80ba-6ba6f80de3fb,1471 Old Hwy 10 E,Marion,NC,,I-40
cdeada8d-83d9-44dd-97ad-bbcbb6867252,530 John F. Kennedy Memorial Hwy,Newark,DE,19713,I-95
cdeb1524-21ed-4454-9667-4b4781f3e8fb,1624 Bear Creek Pike,Columbia,TN,38401,I-65
ce2b1d46-bc97-4dd5-8006-b3f0877740b5,13190 Deshler Rd,North Baltimore,OH,45872,I-75
cef1fa71-2479-4bb1-acda-36bd95b418b5,4035 23rd Ave SW,Naples,FL,34116,I-75
cf54cfb5-5556-4180-815e-ddeecc159719,3870 Chase St,Gary,IN,46408,I-65
cf5fc3c4-3448-41b9-8caf-01e1b02d74b9,1001 Highway 76,White House,TN,37188,I-65
cf7673fe-5039-4d46-a2f3-3e677ab4d546,1630 Richmond St,Mount Vernon,KY,40456,I-75
cfb3be42-e2e5-4e55-ba83-bcb9ab2402cf,1350 E 83rd Ave,Merrillville,IN,46410,I-65
d02cc1cc-ddec-4108-b686-69b43432bcca,3799 Colonel Rd,Richmond,KY,40475,I-75
d07bf85c-8a1e-4f99-b194-19e7307a8889,I-75 near Mile Marker 338,Ocala,FL,,I-75
d0b52ba6-cc9b-45c7-878c-ce598cbfaf24,1464 Brevard Rd,Asheville,NC,,I-40
d19be5c3-65f2-471d-9281-0cfeeaa8ceb0,4400 Peytonsville Road,Franklin,TN,37064,I-65
d243ac8c-5b16-4d91-b0be-38e63fc99da2,"2601 Verity Parkway, Suite 6",Middletown,OH,45044,I-75
d33bd5af-db05-4f0b-a829-7db826c27a96,11801 E I-40 (Galloway Rd),North Little Rock,AR,72117,I-40
d3f823ea-4432-474e-a5b1-795644e717c4,6485 Metal Dr,Fort Pierce,FL,34945,I-95
d434bf32-4491-4e98-bf73-b3902abf4f8d,4400 Peytonsville Road,Franklin,TN,37064,I-65
d4513e91-e3b9-43ab-8e65-0d7d1580773f,5937 Commonwealth Ave,Jacksonville,FL,,I-95
d4a2a4fa-6bf3-407f-a16d-eb56851d1818,I-95 near the South Carolina state line,Rowland,NC,28383,I-95
d4d6ed3b-3e72-4011-b0cc-29783bc21dd0,259 Cherry Blossom Way,Georgetown,KY,40324,I-75
d500643d-ae31-49aa-9523-81978691c7a7,1371 Bryson Road,Elkton,TN,38449,I-65
d536ca31-468a-4974-b480-dd9bfb9f264b,3948 Hodges Chapel Rd,Dunn,NC,28334,I-95
d56cff01-0dcb-4610-82aa-920d1214a828,1 Center Drive,North East,MD,21901,I-95
d58e3dbf-f1ed-4822-adf6-94841a1a7c64,9155 Highway 321 N,Lenoir City,TN,37771,
d5e2e7f0-8a6a-4a62-bb13-9e0223aba4ff,1725 13th Ave Drive NW,Hickory,NC,28601,I-40
d6097cf6-67ee-4259-bd01-c63af2c6bc0f,7800 Foundation Dr,Florence,KY,41042,I-75
d633d094-cbd4-47a2-86d1-ca8aaa96a78e,11910 Mosteller Road,Sharonville,OH,45241,I-75
d69a1ead-9d8d-4cf6-9d75-ac7d73f83183,2745 W Main St,Clarksville,AR,72830,I-40
d6bd039a-db3c-449a-a77d-a8c9d46fb7af,3400 Service Loop Rd,West Memphis,AR,72301,I-40
d71c3b0e-137c-404e-afd8-35f9caf76be8,101 Woodard Dr,Kenly,NC,27542,I-95
d7247403-1ed3-49de-83a5-af2862cdbd9f,1600 County Road 437,Good Hope,AL,35055,I-65
d7265e8b-ae0a-4d0b-84f1-de75c9f7a70d,215 AR-331 N,Russellville,AR,72802,I-40
d7669ede-a1d0-4fc9-9bd7-ab2fc25db55e,110 Fast Ln,Baxter,TN,38544,I-40
d77a0666-bf9e-43fc-a772-cd7f0f5fa821,31 Lawing Dr,Nebo,NC,28761,I-40
d77dcc99-6512-4e2a-9c39-896770572e3d,1127 Tyson Rd,Hope Hull,AL,36043,I-65
d7bc6a17-c3e3-408a-92a1-e403c30794a7,5200 Cleveland St,Merrillville,IN,46410,I-65
d7c49137-e82a-4601-8f1b-d35d8d932c3e,6364 Dixie Hwy,Bridgeport,MI,48722,I-75
d7e9da52-4a01-4b3d-9c14-86f59343ca7c,"I-75 Southbound, Mile Marker 127",Georgetown,KY,40324,I-75
d7f9bcc5-6dd2-4bc5-aa45-004414540bf2,2229 N 3rd St,Ozark,AR,72949,I-40
d806f887-5291-49e4-8e36-4e7ae97c3996,2501 Burr St,Gary,IN,46406,I-65
d80ff428-3f9d-400d-903d-a35ee8aa95ec,1311 Hwy 122 W,Hahira,GA,31632,I-75
d83e7fdb-9cca-4bd4-b333-dfdafe700a1c,923 Johnston Pkwy,Kenly,NC,27542,I-95
d875c6d8-cf43-4d30-a76f-53bed4397cb3,7150 Okeechobee Rd,Fort Pierce,FL,34945,I-95
d8c8b88a-0af7-4faf-838f-5288eef85239,"I-95 Northbound, Mile Marker 47",Fayetteville,NC,28306,I-95
d9b21d1e-9b63-4247-a604-ba390a3bc630,254 Paint Lick Rd,Berea,KY,40403,I-75
da315672-4e7f-4389-a555-4e4b7aa1d94a,7001 GA-21,Port Wentworth,GA,31407,I-95
da698161-6d20-4069-9e12-64db6fb9cf21,6830 Franklin-Lebanon Road,Franklin,OH,45005,I-75
da83466d-8e10-4c23-921e-64ac29ad5ecd,1371 Bryson Road,Elkton,TN,38449,I-65
db36c2b2-0463-4b5f-a7ca-1a30c16b18e8,612 E Vine St,Vienna,IL,62995,I-24
db5fdca8-75a2-4c30-a493-81815dfa325b,88 Robert E Cox Rd,Corbin,KY,40701,I-75
db6a28cb-0b13-4be7-81eb-29fea82fe3b5,4514 W Vienna Rd,Clio,MI,48420,I-75
db877e00-74cc-4667-b567-9cc8df78f72b,"I-40 Westbound, Mile Marker 50",Brownsville,TN,,I-40
dc42c076-4e52-4013-98b4-5a57ddc223c9,350 S Harkrider St,Conway,AR,72032,I-40
dde95330-d441-40ca-8bce-f0361edba20b,6211 County Road 59,Verbena,AL,36091,I-65
ddf043af-973d-478c-b539-d5e22cd93b5b,1250 Hamilton-Lebanon Road E,Monroe,OH,45050,I-75
de70c755-60b8-4e50-bf23-b807d3f7da97,737 W 6th St,Cincinnati,OH,45203,I-75
deb4ebbf-3a76-487f-b015-532c1f6f4d9f,13700 S US Highway 441,Lake City,FL,32025,I-75
ded68cd3-cdaa-4af2-9cbd-df5f6aaf354c,2400 E 200 N,Lafayette,IN,47905,I-65
dee17bfa-a6bf-4da0-8d48-95a9231de439,145 Richwood Rd,Walton,KY,41094,I-75
df94342a-aa2a-4c08-856b-45a042b25388,7409 Cycle Lane,Goodlettsville,TN,37072,I-65
dfc83f1a-51ce-4d8a-a0d4-15b3955ee28d,11418 Hwy 41,Ringgold,GA,30736,I-75
e004f829-8d70-4cd9-ab02-d6f481ede413,11822 Old Lexington Pike,Walton,KY,41094,I-75
e0b210c3-6279-48a6-b091-059a2aa3a3ca,980 W South Blvd,Montgomery,AL,36105,I-65
e102d6bd-874c-43d0-b9f6-c8a9dbbe4832,5501 O'Donnell Street,Baltimore,MD,21224,I-95
e151d192-88be-4548-ab2f-fd5e19590ff1,2233 N Charles G Seivers Blvd,Clinton,TN,37716,I-75
e170da26-92ff-4206-a01b-58335385109b,5099 S Mackinaw Rd,Bay City,MI,48706,I-75
e1b6e58b-5deb-4093-8574-874f4dec971c,2151 S Vandemark Rd,Sidney,OH,45365,I-75
e1c84a38-7da4-4597-ab5e-331b2e755297,100 Merchants Rd,Knoxville,TN,37912,I-75
e1e61d3d-5b8d-4a5e-b0fa-d7f4e2382ade,6595 Dixie Hwy,Bridgeport,MI,48722,I-75
e29487fb-5a70-43e2-9153-5df9b85f9b83,417 East Avenue,Athens,TN,37303,I-75
e2a3778e-f2f4-4f93-a2c0-71d545e5b514,29939 State Road 52,San Antonio,FL,33576,I-75
e2aee5e7-1139-4566-a012-aa2ab3dc8453,427 East Main St,Beaverdam,OH,45808,I-75
e2d59ea7-f110-4411-809a-0cbce128191e,10401 NC-903,Halifax,NC,27839,I-95
e3e4eafb-c380-443e-b595-de2d3e0d3a9b,15559 Highway 13 S,Hurricane Mills,TN,37078,I-40
e45cdd5c-1081-4859-b540-5a800714c6f9,7661 Assateague Drive,Jessup,MD,20794,I-95
e5b8447a-f9cd-4f17-a967-5531916edd12,5335 Heatherdowns Blvd,Toledo,OH,43614,I-75
e5c73805-b895-443e-ad46-5b33992106d6,7300 Okeechobee Rd,Fort Pierce,FL,34945,I-95
e5d31239-bc34-4fc5-8cdd-8446053077a2,1127 Tyson Rd,Hope Hull,AL,36043,I-65
e5ee80df-6db5-453b-af75-f692371686dc,1657 N US Highway 1,Ormond Beach,FL,32174,I-95
e602551b-092f-4d03-9417-03c6196ca4eb,2971 Highway 48 S,Dickson,TN,37055,I-40
e658a6a0-f52b-417f-8d24-7fc5fe4b8458,1210 Sparta Pike,Lebanon,TN,37090,I-40
e69bfd6f-502b-4f31-a470-be6d117a4e52,5800 Bayshore Rd,North Fort Myers,FL,33917,I-75
e780ec0a-3a95-42b8-b7bd-eca1cadf2a72,1111 S Jefferson Ave,Cookeville,TN,38506,I-40
e78ba483-5cf5-492c-9e4d-39186230b9a4,1624 Bear Creek Pike,Columbia,TN,38401,I-65
e7edb2b3-ca16-40d5-b412-7435c59bd132,I-75 Northbound near mile marker 80,Piqua,OH,,I-75
e806b433-adca-47ef-a552-5a19b5070417,8725 N Wilderness Rd,Mount Vernon,KY,40456,I-75
e808cd20-757a-42c2-b9ed-fbf02e964b3e,5407 N Middlebrook Pike,Knoxville,TN,37921,
e862ec83-1ad2-4128-90dd-2cb529a71c79,1001 Highway 76,White House,TN,37188,I-65
e8bfa090-96d9-4462-99e7-72f277dce27b,150 Long Hollow Pike,Goodlettsville,TN,37072,I-65
e945424b-b704-4e3e-9eaa-0ed1ba82fb98,2101 N Main St,Brinkley,AR,72021,I-40
e9a4dbbb-9015-4850-91ec-28fbad53f841,"I-40 East/I-75 North near mile marker 372 (I-40 mileposts), on the I-40/I-75 concurrency",Knoxville,TN,,I-75
ea438e19-dcd1-402a-a424-e243df58e1c6,1651 Everett Rd,Knoxville,TN,37932,I-75
ea77b1ed-08aa-424a-a08f-dd7928387ad7,6032 Hagman Rd,Toledo,OH,43612,I-75
ea898a34-0781-4a97-8711-9930f4c0db53,4281 US 221,Marion,NC,28752,I-40
ea928447-ab0f-46a4-9d40-916a91f2ffa2,11801 E I-40,North Little Rock,AR,72117,I-40
ea9dc82f-67a9-4e54-b0b9-10a0ebe33359,224 Daniel Payne Dr,Birmingham,AL,35207,I-65
eb21f83a-5ec0-4447-b261-6ecb564187c7,1600 N Hwy 95,Morrilton,AR,72110,I-40
eb261064-e951-42c9-ba90-7f874986f354,10080 N US 31,Taylorsville,IN,47201,I-65
eb48d156-9ad9-4fa3-b8eb-cfc7b29a49a4,6364 Dixie Hwy,Bridgeport,MI,48722,I-75
eb5cb560-c5f7-466b-89b0-4fb84dbf8ff5,1800 Princeton-Kenly Rd,Kenly,NC,27542,I-95
eb77e44b-05c1-4702-9dd2-d5be551ca482,1014 Barnes Mill Rd,Richmond,KY,,I-75
eb9c78fe-c2af-4ceb-9cdd-7ec1ee2993ce,15545 NW 122nd Ave,Hialeah Gardens,FL,33018,I-75
ebb8ad22-3283-4fc6-9918-66a8ef8ef9dd,13306 St John Church Rd,Stony Creek,VA,23882,I-95
ebeeef84-4ab8-478a-a46a-3e07a9b29ff3,8390 Washington Boulevard,Jessup,MD,20794,I-95
ec267e71-3e9b-4f00-8b8a-40024bcc6010,"15 Turnpike Drive (I-95 SB), John F. Kennedy Memorial Highway",Perryville,MD,21903,I-95
ec42dd30-c4fc-415f-9b7e-c4627f74bae6,722 Watt Rd,Knoxville,TN,37934,I-75
ed11b1c5-d80c-4ffb-9d0a-f1fa26089b44,217 Lisa Dr B,New Castle,DE,19720,I-95
ed738afc-075b-4843-8a9c-519adbdb102a,9101 W Okeechobee Rd,Hialeah Gardens,FL,33016,I-75
ed7cf6d6-954e-4e3b-8717-b50637452c5a,14774 LaPlaisance Rd,Monroe,MI,48161,I-75
ee07dd11-b979-45e2-90a1-9ba14254ba28,I-95 North near milepost 40,Carson,VA,23830,I-95
ee131041-98e4-4917-a09b-dcdca1d5ed0c,1415 3rd St NE,Ruskin,FL,33570,I-75
ee270529-dc8c-4671-85ee-83a351b95338,259 Cherry Blossom Way,Georgetown,KY,40324,I-75
ee7f6f07-8fff-46dd-9e26-f10766f115a1,13670 E Oglethorpe Hwy,Midway,GA,31320,I-95
eec1d852-2b50-47f7-a59e-b1238f1ace2d,7777 Burlington Pike,Florence,KY,41042,I-75
efa068e0-042c-4242-a821-08949d2486c2,3501 S 500 E,Whitestown,IN,46075,I-65
efbad094-7467-424f-9228-acbf39f3a599,79 Blackburn Lane,Dry Ridge,KY,41035,I-75
efd90b77-aa20-461b-95ef-73c6ad153da2,5218 17th St E,Ellenton,FL,34222,I-75
effb0793-cbed-44f7-b05c-3645ccfdda21,3475 E Washington Rd,Saginaw,MI,48601,I-75
f0129700-18d1-49cf-b92f-0be14a549686,2990 US Hwy 17 S,Brunswick,GA,31523,I-95
f0783c4c-568f-4ed0-8ee8-baec2257dab1,21055 West Rd,Woodhaven,MI,48183,I-75
f0d5921a-b53e-482e-941c-3fab7398e0aa,360 Triangle Dr,Sellersburg,IN,47172,I-65
f12efc5b-1023-449c-b0b6-5b4df2dbadb1,2488 Oregon Rd,Northwood,OH,43619,I-75
f170989d-6c5b-4de2-b71e-ca56877a43b9,3150 Grant St,Gary,IN,46408,I-65
f18a5587-4631-4b0c-83a2-55d6c12ad078,15559 Highway 13 S,Hurricane Mills,TN,37078,I-40
f1a4bce4-28a4-4400-a2cb-427d53dd0019,1360 Pleasant Hill Rd,Nashville,TN,37214,I-40
f1d1bc65-60ea-43df-87b4-266985431b30,4600 Fulton Industrial Blvd SW,Atlanta,GA,30336,
f1d25ee7-b8a2-467e-b842-07a3eb6be1f9,7521 Alma Hwy,Alma,AR,72921,I-40
f1e6af7b-d118-4bae-b8f0-5211efc8131e,7401 Assateague Drive,Jessup,MD,20794,I-95
f20905b6-dec3-4b03-aef7-e9f025d1b2c8,1615 E Main St,Greenwood,IN,46143,I-65
f2566159-665a-4205-929d-7352a3c1f402,100 N Kings Hwy,Fort Pierce,FL,34945,I-95
f273ca26-a9bf-42d4-b450-51abc0aee2fd,300 S Arkansas Ave,Russellville,AR,72801,I-40
f2782741-1f25-47b4-b1e0-c5cdedcf20d8,3821 S Arkansas Ave,Russellville,AR,,I-40
f2ac5cd7-c4cf-453e-b699-b51334f66e29,2510 Burr St,Gary,IN,46406,I-65
f2dae8e2-4d62-4f12-8765-1d93c1a03f6c,1180 Malabar Rd SE,Palm Bay,FL,,I-95
f31f9d24-b631-4513-869b-d943b30882d3,200 S Kings Hwy,Fort Pierce,FL,34945,I-95
f35c37d4-6118-40c1-8380-1edf8e79777d,1400 Elkton Road,Elkton,MD,21921,I-95
f37bfd46-6973-4cb1-bbb9-4990d6125418,4550 Iron Works Pike,Lexington,KY,40511,I-75
f393fa83-15a7-4d7c-9f98-4440c77db4c8,420 Matzinger Rd,Toledo,OH,43612,I-75
f3c0bc13-9e53-4196-b049-258e92e71544,2971 Highway 48 S,Dickson,TN,37055,I-40
f4089b87-a23d-4210-bb67-5485d5a6447d,"I-95 Southbound, Mile Marker 154",Dumfries,VA,22025,I-95
f425a11a-845c-4f88-81d6-d805ee8ee0e7,151 Wagner Rd,Petersburg,VA,23805,I-95
f430a4a3-e695-4f4d-b6ef-9119ec9f66fa,4300 Petro Rd,West Memphis,AR,72301,I-40
f43b9f5a-d148-4094-b93f-53b27d80ac5f,5800 Nelson A Miles Pkwy,Grayling,MI,49738,I-75
f4520840-396d-40f7-9df7-6bf8708e0997,102 Triport Cir,Georgetown,KY,40324,I-75
f4967041-7344-4787-9573-c5c7bdf7e538,3303 W Fifth St,Lumberton,NC,28358,I-95
f4a45b66-b93f-4bd1-b87c-c78b92510cc3,3703 Mountain Valley Road,Priceville,AL,35603,I-65
f53939a7-5718-4d0b-b511-3ab367de0fa7,704 E Service Rd N,West Memphis,AR,72303,I-40
f594401c-0ec8-4dc1-be86-5d3f54438e64,13106 Interstate 75,White Springs,FL,32096,I-75
f5df54e7-201d-46d2-8b7b-9127d43ac8c5,2245 Frankfort Ct,Lexington,KY,,I-75
f637c363-ed64-4c52-be7c-3bf5b7a32a90,1200 Whitaker Rd,Newark,DE,19702,I-95
f6404302-7971-4884-8f37-82f098913d65,1058 Deep Springs Rd,Dandridge,TN,37725,I-40
f6502eed-0e6a-40c4-a5df-d5a0068ef809,4155 S Indianapolis Rd,Whitestown,IN,46075,I-65
f65fd2ef-14d5-456f-a937-bbf3750c87b9,31 Heather Lane,Perryville,MD,21903,I-95
f68a555f-f314-4506-91bc-db780f009c31,175 Northwoods Blvd,Vandalia,OH,45377,I-75
f77f6c23-384f-4f64-af4d-2b73d30dbfbb,900 Tyson Rd,Hope Hull,AL,36043,I-65
f7863403-1639-472e-b903-9988f0e87e7d,1306 E Mammoth St,Hazen,AR,72064,I-40
f7f69a6a-d032-46ee-9ce6-52796f556a07,18011 Colorado St,Hebron,IN,46341,I-65
f89415ea-400b-4f6a-954b-7e920013cf4a,2005 North St,Ashburn,GA,31714,I-75
f91d1114-a109-48b5-9b5e-1aa96591f8ae,113 Motel Dr,Saint George,SC,29477,I-95
f92acc99-4e8c-4f4a-9eb4-3953a57aae4f,153 Wiggins Rd,Candler,NC,28715,I-40
f972d0f0-b603-4694-824f-36718afa596b,1639 County Road 437,Cullman,AL,35055,I-65
f97ef111-f094-422a-bc61-7362a0a27d26,1800 Princeton-Kenly Rd,Kenly,NC,27542,I-95
f9f1eb0f-d38e-413b-9bae-aba854b9cd7d,1733 Fulton Road,Fultondale,AL,35068,I-65
fa49ec43-3e91-412d-bb7f-74b00fe90df0,119 N Riverside Dr,Memphis,TN,38103,I-40
fa5e1712-b8ee-42f1-b771-e2144afa0fac,101 Flat Creek Rd,Black Mountain,NC,28711,I-40
fa924e2a-0ffe-418f-851f-2f784856e91d,2715 W Lucas St,Florence,SC,29501,I-95
faa5e68a-557a-4258-bcee-90397f126864,21505 S I-65,Henryville,IN,47126,I-65
fb63b914-2ebc-4212-8542-f84fc81b0e19,1001 Highway 76,White House,TN,37188,I-65
fb6a3d1d-098f-4dc5-92cb-f5c128c1edc8,2449 Genesis Rd,Crossville,TN,38571,I-40
fb8d0e91-7e7c-4302-a44f-dfe3d998bdc8,13109 Hwy 251,Darien,GA,31305,I-95
fb8eb46d-b871-4344-9cd6-5843638e7648,420 East Main Street,Beaverdam,OH,45808,I-75
fbba2a2b-9070-4943-9256-60b01d953f51,2615 W C-48,Bushnell,FL,33513,I-75
fbdfb874-d81b-428b-9a4f-16a1d8d85935,2707 S Arkansas Ave,Russellville,AR,72802,I-40
fc04797c-a678-4c56-b78a-0b8b8ec49cc1,8201 20th St,Vero Beach,FL,32966,I-95
fcd1a075-899a-4873-b325-f0d767d3d03f,303 Burkemont Ave,Morganton,NC,28655,I-40
fdc35482-6e2a-44a5-8d70-e976883b9f25,225 Belle Hill Road,Elkton,MD,21921,I-95
fe637d31-d4dc-4482-9e3c-2b196a38335c,"I-95 Northbound, Mile Marker 108",Ladysmith,VA,22501,I-95
fe6917b6-5da4-42db-a6ab-e533a1101e62,7791 NW 47th Ave,Ocala,FL,34482,I-75
fed4a341-e7ca-4020-b95e-11a589f9d537,1450 Capitol Trail #13,Newark,DE,19711,I-95
fef1dd1a-90de-48ea-b494-e652fbb84715,635 Shepherd Drive,Cincinnati,OH,45215,I-75
ff0a084a-5dae-4a65-a4a8-f9bca9531384,4032 W Highway 326,Ocala,FL,34482,I-75
ff14e2af-f0a7-4e65-a341-c15aab36fe6e,1503 Avco Blvd,Sellersburg,IN,47172,I-65
ff19357b-eb93-4483-9e4e-ebb40e07fe36,7401 Assateague Drive,Jessup,MD,20794,I-95
ff8e8a78-c506-47cd-a3bf-26f34324389e,545 Industrial Blvd,Conway,AR,72032,I-40