listing_id,business_name,category,address,city,state,zip,current_latitude,current_longitude,proposed_latitude,proposed_longitude,confidence,source_url,verification_notes,action,queue_reasons
34fc2993-dbed-4d8f-8882-b05e7a4a3942,Pathway Travel Plaza,truck-stops,7746 GA-140,Adairsville,GA,30103,,,34.3778,-84.9157,low,https://www.tesla.com/findus/location/supercharger/AdairsvilleGAsupercharger,"manual geocode anchored to Tesla official supercharger coords at 7867 Adairsville Hwy (I-75 exit 306), adjacent/across from the plaza; No published coordinates found for 7746 itself (pilot/brand sites and all geocoder APIs are proxy-blocked in this session). Tesla publishes 34.377883,-84.915729 for 7867 Adairsville Hwy 'right off exit 306'; Pathway Travel Plaza (formerly Table 306) is confirmed at",manual-review,action=manual-review; confidence=low
54d2b882-24b4-4c09-b2b8-98529c4e1af7,QuikTrip Travel Center #757,truck-stops,961 Hwy 140 NW,Adairsville,GA,30103,,,34.378,-84.918,low,https://www.iexitapp.com/business/QuikTrip/324558,"manual geocode at I-75 exit 306 / GA-140 interchange (west side); exit position derived from Tesla official coords + Love's/Buc-ee's exit-310 and Pilot exit-296 anchors; QT's own site and iExit/truckstopsandservices confirm store #757 at 961 Hwy 140 NW = I-75 exit 306, but locations.quiktrip.com is proxy-blocked and no directory published coordinates. A geocoded fuel-price dataset (github naman089",manual-review,action=manual-review; confidence=low
58df3f57-bad8-4b31-8949-437e4c00a3b2,Adel Truck Plaza,truck-stops,1503 W 4th St,Adel,GA,31620,,,31.138574,-83.444919,medium,https://github.com/lokal-ninja/georgia/blob/master/data/cities/adel/piggly-wiggly.yml,"extrapolated along W 4th St (GA-37) from OSM address anchors (500 -> -83.42933, 714 -> -83.43298, 1221 -> -83.4406) to house number 1503 at I-75 exit 39; Address confirmed (CITGO directory URL, Yelp, TruckMap, Waze all give 1503 W 4th St, Adel GA 31620, I-75 exit 39). Conflicting geocodes: WhosOnFirst/SimpleGeo puts '1503 W 4th St' at 31.134378,-83.436166, which contradicts the street-numbering tr [AUDITED:wrong] The street-number extrapolation is refuted: Huddle House's official brand locator (huddlehouse.com/locations/ga/adel/1503-west-fourth-st/ — the restaurant inside the plaza, same ad",manual-review,action=manual-review; confidence=medium
f89415ea-400b-4f6a-954b-7e920013cf4a,A-1 Truck Stop,truck-stops,2005 North St,Ashburn,GA,31714,,,31.71858,-83.65459,low,https://github.com/whosonfirst-data/whosonfirst-data-venue-us-ga/blob/master/data/723/077/983/723077983.geojson,"nearest verified same-street neighbor anchor (1871 North St, WhosOnFirst 31.718579,-83.65459); A-1 at 2005 North St is slightly beyond toward I-75 exit 84; AllStays/ParkAdvisor confirm A-1 Truck Stop (Citgo) at 2005 North St, I-75 exit 84 (Hwy 159), Ashburn GA 31714, phone (229) 567-3000; parking described as 'across the road'. No source publishes coordinates for 2005 itself; point is the 1871 nei",manual-review,action=manual-review; confidence=low
096dd2fe-80a1-441b-a700-dbea8e1455c2,America's Truck Stop,truck-stops,2100 Jonesboro Rd SE,Atlanta,GA,30315,,,33.6986,-84.3757,low,https://www.americastruckstop.com/,"extrapolated along Jonesboro Rd SE from verified anchors (USPS 1590 Jonesboro Rd SE 33.70915,-84.38112; business dataset 1805 Jonesboro Rd SE 33.704709,-84.378857); Business active (own site americastruckstop.com; truckparkingclub listing for 2100 Jonesboro Road Southeast 30315), but no source publishes coordinates and the business site is proxy-blocked. Extrapolation over ~300 house numbers on a",manual-review,action=manual-review; confidence=low
f1d1bc65-60ea-43df-87b4-266985431b30,Southern Tire Mart #165,tire-repair,4600 Fulton Industrial Blvd SW,Atlanta,GA,30336,,,33.760512,-84.53688,medium,https://dcontrol.com/profile/southern-tire-mart-XpH,"directory POI coords via web search snippet; Southern Tire Mart #165, 4600 Fulton Industrial Blvd SW. Point lies on the Fulton Industrial Blvd corridor (road nodes at 33.765,-84.5317 and 33.755,-84.5455 bracket it); slightly east of centerline, consistent with a large lot. Single source, no independent <150 m confirmation.",manual-review,action=manual-review; confidence=medium
8f306b35-1615-4795-93eb-a5f7394bd5ed,Atlanta Commercial Tire - Cartersville,tire-repair,161 Criss Black Road,Cartersville,GA,30120,,,34.221951,-84.876123,medium,https://raw.githubusercontent.com/whosonfirst-data/whosonfirst-data-venue-us-ga/master/data/739/741/227/739741227.geojson,"WhosOnFirst venue geocode (predecessor business at exact address); Atlanta Commercial Tire Cartersville, 161 Criss Black Rd. WOF venue 'North Georgia Tire Service' at 161 Criss Black Rd NW (Bridgestone dealer listing confirms North Georgia Tire = this address). Criss Black Rd NW junction with Hwy 411 is at 34.222365,-84.883573; point is ~700 m along the road, consistent. Single source.",manual-review,action=manual-review; confidence=medium
1d38a614-f929-4747-95c3-7ae04f61c4e0,BestDrive Commercial Tire Center - Cartersville,tire-repair,2225 Hwy 411 NE,Cartersville,GA,30121,,,34.238071,-84.777491,medium,https://raw.githubusercontent.com/whosonfirst-data/whosonfirst-data-venue-us-ga/master/data/723/039/731/723039731.geojson,"WhosOnFirst address-level geocode; BestDrive Cartersville, 2225 Hwy 411 NE. Two WOF venues at this exact address share point 34.238071,-84.777491 (address-level geocode on the US-411 corridor between Cartersville and White). No independent confirmation.",manual-review,action=manual-review; confidence=medium
e2c31cbf-a70b-4617-abb9-d65d6d747c83,CAT Scale — TA Cartersville,cat-scales,981 Cassville-White Rd,Cartersville,GA,30121,,,34.273972,-84.807762,medium,https://github.com/dsollberger/30DayMapChallenge/blob/master/2022/data/All_The_Places/tapetro.geojson,"ta-petro.com scraped brand coords + Google place cross-check; CAT Scale at TA Cartersville, 981 Cassville-White Rd (I-75 exit 296, across the road from Pilot #67). Brand-scraped point 34.2739,-84.8075 agrees with a Google Maps saved place for 'TA Cartersville 0146' at 34.27319,-84.807663 (~80 m); used the higher-precision point. WOF Popeyes (inside TA) geocodes ~450 m east at 34.272533,-84.802577. [AUDITED:wrong] Proposed 34.273190,-84.807663 sits in the Cassville-White Rd corridor between the two competing truck stops, only ~55 m from Pilot #67's point. TA is on the north(west) side: TA's",manual-review,action=manual-review; confidence=medium
c9d1ece9-f5fc-4358-a8c5-6467efdda424,JP Truck Center,truck-stops,2320 Hwy 411 NE,Cartersville,GA,30121,,,34.241411,-84.774739,medium,https://us.maptons.com/p/14904145493,"maptons/coparking directory coordinates for exact address, corroborated by adjacent-parcel WhosOnFirst venue; Maptons/CoParking give 34.2414113,-84.7747390 for JP Truck and Auto Center, 2320 US-411/Hwy 411 NE, Cartersville 30121 (I-75 exit 293, phone 678-972-7675). Adjacent Holiday Inn at 2336 Highway 411 NE (WhosOnFirst) is 34.241958,-84.775186 (~75 m away) - consistent. Maptons and coparking lik",manual-review,action=manual-review; confidence=medium
6d390c19-277a-4cba-952d-0d1f19caa00a,TA Truck Service - TA Cartersville,tire-repair,981 Cassville White Rd NW,Cartersville,GA,30121,,,34.273972,-84.807762,medium,https://www.ta-petro.com/location/ga/ta-cartersville/,"co-location with host TA Cartersville (brand-published property point); TA Truck Service at TA Cartersville, 981 Cassville White Rd (I-75 exit 296). Service bays are on the TA property; same point as the TA Cartersville row (ta-petro-scraped 34.2739,-84.8075 + Google place 34.27319,-84.807663 agree within ~80 m). [AUDITED:wrong] Same misplaced point as the CAT-at-TA row: 34.273190,-84.807663 lies in the road corridor between TA (north side, 34.2739-34.2740 per tapetro.geojson + Popeyes dataset) and Pilot #",manual-review,action=manual-review; confidence=medium
e1219266-0289-4b70-83aa-b122fa95993d,"Truck Parking Club - 1340 Joe Frank Harris Pkwy SE, Cartersville",parking,1340 Joe Frank Harris Pkwy SE,Cartersville,GA,30120,,,34.206964,-84.819403,low,https://github.com/whosonfirst-data/whosonfirst-data-venue-us-ga/blob/master/data/723/495/387/723495387.geojson,"adjacent-address anchor: WhosOnFirst venue at 1360 Joe Frank Harris Pkwy SE (same block as 1340); Truck Parking Club page confirms an active listing at 1340 Joe Frank Harris Pkwy SE, Cartersville 30120 (~4.5 mi from I-75 exit 290 per TPC), but the page's coordinates could not be retrieved (site fetch blocked). Anchor 1360 JFH Pkwy SE = 34.206964,-84.819403; 1340 is the adjacent parcel, expected wi",manual-review,action=manual-review; confidence=low
f4591f0b-087b-4856-8957-5a7e020fa209,Love's Travel Stop #801,truck-stops,1525 E 8th Ave,Cordele,GA,31015,,,31.975579,-83.758552,medium,https://github.com/dsollberger/30DayMapChallenge/blob/main/2022/data/All_The_Places/loves.geojson,"loves.com official data (All The Places loves spider, Site 801); older Love's dataset used as cross-check; ATP/loves.com 2022 scrape: 31.975579,-83.758552 (1525 E 8th Ave, Cordele 31015, phone 229-947-6205). Older RVUnicorn loves.csv (I-75 Exit 102, #0801): 31.973352,-83.756017 - the two Love's-derived vintages disagree by ~340 m (large property with Speedco; entrance vs store point). Within ~500",manual-review,action=manual-review; confidence=medium
cbfc290b-82f8-4be8-831a-e806bca0ab8c,Atlanta Commercial Tire - Dalton,tire-repair,3364 Dug Gap Road,Dalton,GA,30720,,,34.678077,-85.005197,medium,https://raw.githubusercontent.com/whosonfirst-data/whosonfirst-data-venue-us-ga/master/data/740/039/721/740039721.geojson,"WhosOnFirst venue geocode (predecessor tire business at exact address); ACT Dalton, 3364 Dug Gap Rd. WOF 'Snider Tire' at 3364 Dug Gap Rd gives 34.678077,-85.005197; a second WOF venue ('Berlin Tire Centers', 3364 Dug Gap Rd SW) geocodes 34.660078,-84.998539 (~2.1 km south on the same road). Chose the northern point (nearer mapped Dug Gap Rd SW nodes and the I-75 exit 328 area). SUSPICIOUS: two sa",manual-review,action=manual-review; confidence=medium
aaca5bca-e624-4522-8f04-bf85e4e7d7d4,Snider Fleet Solutions - Forest Park,tire-repair,6025 Lees Mill Rd,Forest Park,GA,30297,,,33.590537,-84.386309,medium,https://raw.githubusercontent.com/unusualslim/dispatcher/master/db/data/locations.json,"Google Maps saved-place export (exact name + address); Snider Fleet Solutions, 6025 Lee's Mill Rd, Forest Park — Google saved place with matching name/address gives 33.5905374,-84.386309. Within Forest Park industrial area south of Atlanta, sanity OK. Google-derived point used alone (rule 4), so capped at medium.",manual-review,action=manual-review; confidence=medium
7c0afaab-bf58-41b1-9e45-2078f713a690,Clarion Pointe Forsyth I-75,hotels-truck-parking,333 Harold G. Clark Pkwy,Forsyth,GA,31029,,,33.028309,-83.908235,medium,https://github.com/whosonfirst-data/whosonfirst-data-venue-us-ga/blob/master/data/740/049/721/740049721.geojson,"WhosOnFirst/SimpleGeo venue 'Comfort Inn Forsyth' at exact address 333 Harold G Clarke Pkwy (property later rebranded Clarion Pointe, Choice hotel GA767); Single address-level POI-database match: 33.028309,-83.908235. Same property as the Choice Hotels GA767 listing (Comfort Inn -> Clarion Pointe Forsyth I-75); choicehotels.com is proxy-blocked so no second source. Sanity: sits on the Harold G Cla",manual-review,action=manual-review; confidence=medium
a66959e8-5539-4e5c-9f94-118ebedc6397,Rumble Road BP,truck-stops,1334 Rumble Rd,Forsyth,GA,31029,,,32.991792,-83.843281,low,https://github.com/whosonfirst-data/whosonfirst-data-venue-us-ga/blob/master/data/740/049/857/740049857.geojson,"nearest verified same-street neighbor anchor (1418 Rumble Rd, WhosOnFirst); BP at 1334 Rumble Rd is slightly west toward I-75 exit 181; BP's own station-finder page exists for 1334 RUMBLE ROAD FORSYTH 31029 (map.bp.com) but is proxy-blocked; Yelp/Waze/GasBuddy/AllStays confirm the address and I-75 exit 181. Neighbor anchors disagree: WOF 1418 Rumble Rd = 32.991792,-83.843281 but WOF 1528 Rumble Rd",manual-review,action=manual-review; confidence=low
d80ff428-3f9d-400d-903d-a35ee8aa95ec,Big Foot Travel Center,truck-stops,1311 Hwy 122 W,Hahira,GA,31632,,,30.99343,-83.39026,low,https://github.com/lokal-ninja/georgia/blob/master/data/cities/hahira/stuckeys.yml,"OSM anchor: Stuckey's node on Highway 122 at/near the I-75 exit 29 interchange, adjacent to (possibly same property as) Big Foot Travel Center; Big Foot Travel Center confirmed at 1311 Hwy 122 W / GA-122, Hahira 31632, I-75 Exit 29 (Yelp 'Big Foot Travel Center 939', truckstopsandservices, Waze 'Shell - Big Foot Travel Center', findtruckservice) but no source published its coordinates. OSM Stuckey",manual-review,action=manual-review; confidence=low
8f885b84-e20c-4e45-bddb-7016af7b1f78,Blue Beacon Truck Wash — Jackson,truck-washes,132 Truck Stop Way,Jackson,GA,30233,,,33.206543,-84.058558,medium,https://minusor.com/locations/blue-beacon-of-jackson/jackson/ga/132-truck-stop-way/,"directory POI coords via web search snippet; Blue Beacon Jackson, 132 Truck Stop Way (I-75 exit 201). Point 33.206543,-84.058558 nearly coincides with TA Atlanta South next door (122 Truckstop Way, 33.206476,-84.058568) — Blue Beacon sits adjacent to the TA on the same access road, so proximity is expected, but the directory may have reused the TA geocode. Same-exit cluster with Love's/Speedco and",manual-review,action=manual-review; confidence=medium
3415b15d-c29c-4fcf-b263-3c759162c45c,Love's Truck Care / Speedco #928,tire-repair,115 Truck Stop Way,Jackson,GA,30233,,,33.206151,-84.063875,medium,https://github.com/dsollberger/30DayMapChallenge/blob/master/2022/data/All_The_Places/loves.geojson,"alltheplaces scrape of loves.com + directory cross-check; Love's Truck Care/Speedco #928 at 115 Truck Stop Way, Jackson — on the Love's Travel Stop #307 property (I-75 exit 201). loves.com-scraped 33.208091,-84.05852 confirmed by reverse-geocode directory value 33.208152,-84.058629 (~15 m). Co-located with host Love's. [AUDITED:wrong] Speedco #928 is NOT at 115 Truck Stop Way: Bridgestone commercial dealer locator URL (commercial.bridgestone.com .../789307-1111-bucksnort-rd), Yelp, findtruckservice, and loves.co",manual-review,action=manual-review; confidence=medium
822e64d5-03ad-42b3-b08e-d1b518910506,Lake Park Quick Truck Wash — Lake Park,truck-washes,7061 Lake Park Bellville Rd,Lake Park,GA,31636,,,30.640606,-83.192486,medium,https://raw.githubusercontent.com/whosonfirst-data/whosonfirst-data-venue-us-ga/master/data/722/549/269/722549269.geojson,"WhosOnFirst venue geocode (exact business/address); Lake Park Quick Truck Wash / Lake Park Truck Center, 7061 (Lake Park) Bellville Rd. WOF venue 'Lake Park Truck Ctr' at 7061 Bellville Rd gives 30.640606,-83.192486, ~280 m from Flying J #631 (7001 Bellville) — consistent adjacency at I-75 exit 2. Single source.",manual-review,action=manual-review; confidence=medium
1563a9b1-b685-4915-9ef4-eed8e80c4827,A Anytime Anywhere 24 Hour Mobile Truck Repair,roadside-service,2862 Barrett Ave,Macon,GA,31206,,,32.791835,-83.709166,medium,https://raw.githubusercontent.com/whosonfirst-data/whosonfirst-data-venue-us-ga/master/data/739/757/833/739757833.geojson,"WhosOnFirst venue geocode (exact business name + address); A Anytime Anywhere 24 Hour Mobile Truck Repair — WOF venue 'Anytime Anywhere' at exactly 2862 Barrett Ave, Macon GA 31206: 32.791835,-83.709166. Southwest Macon, in-range. Single source, no independent confirmation.",manual-review,action=manual-review; confidence=medium
a7ec52fe-a86e-44a8-ae48-cd48c12b68bf,Comfort Inn & Suites Macon West,hotels-truck-parking,5000 Harrison Rd,Macon,GA,31206,,,32.813518,-83.725144,medium,https://raw.githubusercontent.com/whosonfirst-data/whosonfirst-data-venue-us-ga/5621b7fbb75b47d8ce96b0e74a43d625a2d9f43d/data/722/825/747/722825747.geojson,"WhosOnFirst venue geocode at exact address (former brand); WhosOnFirst venue at exactly '5000 Harrison Rd Macon GA 31206' gives 32.813518,-83.725144, but under earlier flag 'Travelodge' (property has since been reflagged Comfort Inn & Suites Macon West, GA944; Choice/Yelp confirm the address, and hotel is described as ~0.3 mi from I-475 Exit 3). Single address-level source, no independent coordina",manual-review,action=manual-review; confidence=medium
635533bc-dbff-4861-ace8-074052e31f00,Macon Commercial Tire (Atlanta Commercial Tire),tire-repair,2790 Broadway,Macon,GA,31206,,,32.8113,-83.64025,low,https://raw.githubusercontent.com/whosonfirst-data/whosonfirst-data-venue-us-ga/master/data/723/483/233/723483233.geojson,"block-level interpolation from adjacent-address WOF venues; Macon Commercial Tire, 2790 Broadway, Macon 31206 — no source publishing coordinates for 2790 was found. Interpolated between WOF venues at 2695 Broadway (32.812069,-83.640244), 2855 Broadway (32.810576,-83.640317) and 2878 Broadway (32.810963,-83.640153); Rush Truck Center at 3069 Broadway (32.80656,-83.64127) confirms the corridor. Expe",manual-review,action=manual-review; confidence=low
5708e6e0-a61e-4647-a361-32610aeb680a,"Truck Parking Club - Golden Lot Truck Parking, Macon",parking,4970 Sardis Church Rd,Macon,GA,31216,,,32.716699,-83.727431,low,https://truckparkingclub.com/truck-parking/georgia/macon/4970-sardis-church-rd-31216,"landmark anchor: operator-described corner intersection geotag; No published coordinate found for 4970 Sardis Church Rd. Truck Parking Club/Gold Lot describe the lot entrance at the southwest corner of Sardis Church Rd and Nowell Rd S, next to QT, off I-75 Exit 153; geotagged intersection 'Sardis Church Rd/Nowell Rd S' (e-n-f/trb GA dataset) is 32.716699,-83.727431. Point is the adjacent intersect",manual-review,action=manual-review; confidence=low
4b5d062c-18db-4d39-8a06-073ae984e323,"Truck Parking Club - 120 Declaration Dr, McDonough",parking,120 Declaration Dr,McDonough,GA,30253,,,33.397705,-84.162951,medium,https://truckparkingclub.com/truck-parking/georgia/mcdonough/120-declaration-dr-30253,"WhosOnFirst rooftop geocode at exact address; Two WhosOnFirst venues at exactly '120 Declaration Dr Mcdonough GA 30253' (Luxottica Retail Distribution warehouse, K W Plastics Warehouse - IDs 739255825/723507501) both at 33.397705,-84.162951 (same underlying geocode, so effectively one source). Greenwood-area industrial street south of McDonough, consistent with a warehouse truck lot. No second ind [AUDITED:suspect] Address and use verified (LoopNet listings for 120 Declaration Dr distribution warehouse, TruckMap 'Nexus Distribution 120 Declaration Dr', TruckParkingClub + TruxSpot parking list",manual-review,action=manual-review; confidence=medium
dfc83f1a-51ce-4d8a-a0d4-15b3955ee28d,Circle K (Ringgold Travel Center),truck-stops,11418 Hwy 41,Ringgold,GA,30736,,,34.890281,-85.073172,low,https://www.circlek.com/store-locator/US/ringgold/11418-hwy-41/2723622,"adjacent-address anchor (11399 Hwy 41) at same I-75 Exit 345 complex; No published coordinate found for 11418 Hwy 41 itself (Circle K page, GasBuddy, iExit all confirm address/Exit 345 but expose no numbers). Anchor: POI Factory lists Choo Choo Truck Wash Plaza at 11399 Hwy 41, I-75 Exit 345, at 34.890281,-85.073172 - directly across/adjacent to the Circle K travel center, so the point is within ~",manual-review,action=manual-review; confidence=low
8abd0ae7-4cad-4015-9309-0c1ad798955e,Georgia DPS Weigh Station 1 - I-75 Southbound (Catoosa County),weigh-stations,I-75 South near mile marker 343,Ringgold,GA,,,,34.8809,-85.05279,medium,https://github.com/tbeerbower/vanlife/blob/08f1da90fa6d4af408d67f92b850b102558302e8/vanlife-backend/src/main/resources/NTAD_Truck_Stop_Parking_9110160632932345500.csv,"USDOT NTAD Truck Stop Parking directional record + weigh-station API dataset cross-check; NTAD row 334 'Georgia Weigh Station Region 1 South (Catoosa), I-75S, MP 342, Ringgold' = 34.88,-85.052; rv-nav-ds weigh_station_api.csv row 224 (listed under 'Dalton Georgia') = 34.8809,-85.05279 (used). Facility is actually at MM ~342 near Tunnel Hill (zip 30755), i.e. 'near mile marker 343' as in input. SB  [AUDITED:confirmed] NTAD row 334 'Region 1 South (Catoosa), I-75S, MP 342, Ringgold' = 34.88,-85.052 and rv-nav (listed under 'Dalton Georgia') = 34.8809,-85.05279, re-verified in the raw files. MM 3 [FINAL-AUDIT:demoted] Identity/direction/MM independently confirmed (TruckDown 'Catoosa Weigh Stati",manual-review,action=manual-review; confidence=medium
6a994e3d-56e9-4f0c-97dc-5557807a5fe4,Georgia DPS Weigh Station 2 - I-75 Northbound (Catoosa County),weigh-stations,I-75 North near mile marker 343,Ringgold,GA,,,,34.87938,-85.04834,medium,https://github.com/tbeerbower/vanlife/blob/08f1da90fa6d4af408d67f92b850b102558302e8/vanlife-backend/src/main/resources/NTAD_Truck_Stop_Parking_9110160632932345500.csv,"USDOT NTAD Truck Stop Parking directional record + weigh-station API dataset cross-check; NTAD row 333 'Georgia Weigh Station Region 1 North (Catoosa), I-75N, MP 342, Ringgold' = 34.879,-85.048; rv-nav-ds weigh_station_api.csv row 225 = 34.87938,-85.04834 (used). TruckMap lists 'Weigh Station Ringgold NB I-75 N, GA 30755'. NB point east of SB twin, correct side. [AUDITED:confirmed] NTAD row 333 'Region 1 North (Catoosa), I-75N, MP 342, Ringgold' = 34.879,-85.048 and rv-nav row 225 = 34.87938,-85.04834, re-verified. Sits ~400 m on the SE side of the SB twin -  [FINAL-AUDIT:demoted] NB facility independently exists (Trucker Guide 'NB Catoosa WS, Tunnel Hill 30755' = GA DPS MCCD Region 1 Statio",manual-review,action=manual-review; confidence=medium
103d2a5b-3b82-4062-b665-c34a02e55421,"Truck Parking Club - 693 Karen Dr, Ringgold",parking,693 Karen Dr,Ringgold,GA,30736,,,34.967836,-85.205686,low,https://truckparkingclub.com/truck-parking/georgia/ringgold/693-karen-dr-30736,"same-street neighbor anchor (555 Karen Dr, Geocodio rooftop geocode); No coordinate found for 693 Karen Dr itself. Anchor: NPR/HUD flood dataset (geocodio) places 555 Karen Drive, Ringgold GA 30736 at 34.967836,-85.205686; 693 is farther down the same short dead-end street (TPC: 'end of a dead end road', ~1 mi from I-75 Exit 353 - consistent). Property records confirm 693 Karen Dr exists (East Rid",manual-review,action=manual-review; confidence=low
51453818-0072-4986-b256-b8c8c38fe0b2,Blue Beacon Truck Wash — Tifton,truck-washes,27 Expressway Ln,Tifton,GA,31794,,,31.426828,-83.514652,medium,https://mh.maptons.com/p/14748761481,"directory POI coords via web search snippet; Blue Beacon Tifton, 27 Expressway Ln (I-75 exit 60). 31.4268276,-83.5146516; supported by WOF venue at neighboring 40 Expressway Ln (31.426136,-83.515131, ~90 m) and Union Rd/Expressway Ln node (31.425737,-83.517255). ~370 m from host-area Pilot #192 — consistent, but no second source within 150 m for the exact parcel.",manual-review,action=manual-review; confidence=medium
05c5310e-ad0b-4447-8ebb-2d944b974f0d,Howard Johnson by Wyndham Tifton GA I-75,hotels-truck-parking,579 Old Omega Rd,Tifton,GA,31794,,,31.44162,-83.52709,low,https://www.wyndhamhotels.com/hojo/tifton-georgia/howard-johnson-tifton-i-75/overview,"interpolation between verified neighbors on Old Omega Rd; No published coordinate found for 579 Old Omega Rd (Wyndham/aggregator pages confirm address only). Bracketing anchors: Tenneson Nissan 535 Old Omega Rd 31.4436,-83.5231 (Nissan official locator) and WhosOnFirst venues at 603/605 Old Omega Rd 31.44049,-83.530744 / 31.440489,-83.530787; 579 falls between, and the geotagged 'Old Omega Rd/I-75",manual-review,action=manual-review; confidence=low
d296a4d1-0b43-4775-8060-7aff11dcba16,Allstate Repair (All State Truck Stop),roadside-service,475 Pine St,Unadilla,GA,31091,,,32.256023,-83.738816,medium,https://raw.githubusercontent.com/GoodyIT/scrapy/master/prev/myworks/ptp/ptp_20170602.csv,"truck-stop network dataset (exact business name + address); All State Truck Stop, 475 Pine Street, Unadilla — dataset row with exact name/address gives 32.256023,-83.738816, right at I-75 exit 121/Unadilla. Dataset zip has a typo (31901 vs 31091) but street/city/phone match. Single source.",manual-review,action=manual-review; confidence=medium
bfadf192-bbdd-45b1-a64a-e6bf10c2ba74,24/7 Diesel and Tire Repair,roadside-service,3750 Madison Hwy,Valdosta,GA,31601,,,30.743634,-83.277352,medium,https://raw.githubusercontent.com/whosonfirst-data/whosonfirst-data-venue-us-ga/master/data/723/115/937/723115937.geojson,"WhosOnFirst venue geocode (exact address, predecessor diesel shop); 24/7 Diesel and Tire Repair, 3750 Madison Hwy, Valdosta. Two WOF venues at exactly 3750 Madison Hwy ('Valdosta Diesel Svc', 'Milo Sanitation') share 30.743634,-83.277352, ~1.2 km down Madison Hwy from Pilot #4561 (3460 Madison Hwy) toward I-75 exit 11 — consistent. Single geocode source. [AUDITED:suspect] Business verified at 3750 Madison Hwy (Yelp, BBB, Michelin dealer locator, own site 247dieselandtirerepair.com, TruckDown), but no second independent geocode found; point rests sol",manual-review,action=manual-review; confidence=medium
dd7fbadd-a3f0-4c41-a4dd-8cb7a57ad7ba,"CAT Scale — Love's Travel Stop #550, Valdosta",cat-scales,2315 Old Clyattville Rd,Valdosta,GA,31601,,,30.77424,-83.29849,medium,https://www.loves.com/locations/ga/valdosta/loves-travel-stop-valdosta-550,"web search snippets, two values ~290 m apart; Love's #550, 2315 Old Clyattville Rd, Valdosta (I-75 exit 13; opened 2024, absent from older datasets). Two snippet-derived values: 30.776031,-83.297411 and 30.774006,-83.299523 — agree within ~300 m (>150 m), so medium. Position fits exit 13 and the exit-11/exit-2 corridor. CAT scale on host Love's property. [AUDITED:wrong] Two independent sources agree ~230 m SW of the proposed point: recent OSM node 12620778117 (lokal-ninja valdosta/loves.yml; Love's, Old Clyattville Road) at 30.77424,-83.29849, and",manual-review,action=manual-review; confidence=medium
3123ff2a-256c-46fd-a7de-2571ee9f2abb,Days Inn by Wyndham Valdosta I-75,hotels-truck-parking,1827 West Hill Ave,Valdosta,GA,31601,,,30.821132,-83.310514,medium,https://raw.githubusercontent.com/whosonfirst-data/whosonfirst-data-venue-us-ga/5621b7fbb75b47d8ce96b0e74a43d625a2d9f43d/data/740/065/087/740065087.geojson,"WhosOnFirst venue 'Days Inn Valdosta' at exact address + neighbor cross-check; WhosOnFirst venue named 'Days Inn Valdosta' at exactly '1827 W Hill Ave Valdosta GA 31601' gives 30.821132,-83.310514. Cross-check: Waffle House official locator puts WH #348 at 1819 W Hill Ave (adjacent lot, I-75 Exit 16) at 30.82015,-83.31169 (~150 m), confirming the block. Wyndham page confirms the hotel/address is c [AUDITED:suspect] Could not independently confirm parcel-level accuracy: hotel existence/address verified (Wyndham, Yelp, TravelWeekly: 1827 W Hill Ave, I-75 exit 16 & Hwy 84) but no booking/GDS sou",manual-review,action=manual-review; confidence=medium
371724fa-2260-4d55-bbc7-0ddeeb680138,Love's Travel Stop #550,truck-stops,2315 Old Clyattville Rd,Valdosta,GA,31601,,,30.77424,-83.29849,medium,https://www.truckstopsandservices.com/location_details.php?id=60750,"truck-stop directory coordinate; second source only agrees within ~300 m; Opened Aug 2024, too new for the bulk datasets used elsewhere. Directory sources: 30.776031,-83.297411 (truckstopsandservices, Love's #550, 2315 Old Clyattville Rd, I-75 Exit 13) vs 30.774006,-83.299523 (campground directory) - ~300 m apart, both at the Exit 13/Old Clyattville Rd interchange. loves.com page (blocked to fetch [AUDITED:wrong] Same as CAT row: OSM node 12620778117 (30.77424,-83.29849) and campgroundviews (30.774006,-83.299523) agree with each other and refute the truckstopsandservices point 30.776031,-83",manual-review,action=manual-review; confidence=medium
c73ec493-6f43-42fd-94ef-d086b83eaf2b,"CAT Scale — Speedway #7147, Athens",cat-scales,2920 Decatur Pike,Athens,TN,37303,,,35.469129,-84.652949,medium,https://truckerguideapp.com/diesel-stations/speedway-206182,"brand-directory coords via search; Trucker Guide listing for Speedway 2920 Decatur Pike prints these coords; consistent with I-75 exit 49 NW of Athens. CAT scale sits on host Speedway #7147 property. Single source, no second confirmation.",manual-review,action=manual-review; confidence=medium
6179df3f-6f75-4755-b9ca-75e29976793e,Econo Lodge Athens I-75,hotels-truck-parking,1827 Holiday Drive,Athens,TN,37303,,,35.464716,-84.643798,medium,https://api.nextdoor.com/pages/econo-lodge-athens-tn-1/,"web-search snippet (Nextdoor business page geodata); Coordinates 35.46471622/-84.64379829 surfaced from Nextdoor page for Econo Lodge, 1827 Holiday Dr, Athens TN 37303. Consistent with I-75 exit 49 hotel cluster just east of the Speedway at 2920 Decatur Pike. Single source, no independent confirmation. Direct fetch of choicehotels.com tn823 page was blocked by egress policy. [AUDITED:confirmed] A second, independent coordinate for Econo Lodge, 1827 Holiday Dr, Athens TN surfaced via web search (hotel-booking data, hotelplanner/locable family): 35.465433,-84.644825 - 123 m",manual-review,action=manual-review; confidence=medium
bf9f7bff-15b9-4252-9fed-9818d877fafa,GTG Truck & Trailer Repair,roadside-service,16 W Washington Ave,Athens,TN,37303,,,35.4424,-84.5939,low,https://gtgtruck.com/,"manual geocode of downtown address; No directory published coords after 6+ searches. 16 W Washington Ave is half a block off the Athens courthouse square; point placed manually at the downtown block (est. uncertainty ~200 m). Address confirmed on gtgtruck.com/Yelp. [AUDITED:confirmed] Manual geocode checks out against a hard anchor: the McMinn County Courthouse square in downtown Athens is at ~35.4425,-84.5930, and 16 W Washington Ave is half a block west of the",manual-review,action=manual-review; confidence=low
6a03a2b8-5d79-4192-b5a9-5572e6162957,Speedway #7147,truck-stops,2920 Decatur Pike,Athens,TN,37303,,,35.469129,-84.652949,medium,https://www.loc8nearme.com/tennessee/athens/speedway/512804/,"web-search snippet (Loc8NearMe/Waze place data); Coordinates 35.4691294/-84.6529486 extracted for Speedway #7147, 2920 Decatur Pike, Athens TN. Matches exit 49 (Decatur Pike) immediately east of I-75 and sits ~850 m WNW of the Econo Lodge point, consistent with local geography. Speedway.com store page confirms address but was not directly fetchable.",manual-review,action=manual-review; confidence=medium
e29487fb-5a70-43e2-9153-5df9b85f9b83,Truck Parking Club - R.C. Transport LLC (Athens),parking,417 East Avenue,Athens,TN,37303,,,35.47149,-84.599746,medium,https://truckparkingclub.com/truck-parking/tennessee/athens/417-east-avenue-37303,"web-search snippet (Truck Parking Club/Truxspot listing); Coordinates 35.471490/-84.599746 for R.C. Transport lot at 417 East Avenue, Athens TN 37303; listing text ('3 miles from Exit 52, midpoint between Knoxville and Chattanooga') matches. Cross-listing at truxspot.com/truck-parking/truck-and-trailer-parking-417-east-avenue-athens-tn. Point is NE Athens, plausible for East Avenue; could not inde [AUDITED:suspect] Business and address are real and independently verified (rctransport.net contact page: 417 East Avenue, Athens TN; FMCSA SAFER USDOT 2184394; TruckMap cross-listing 'RC Transport",manual-review,action=manual-review; confidence=medium
2f6979c4-6292-4910-8d54-1e1b5e216ef7,Super 8 by Wyndham Caryville TN,hotels-truck-parking,200 John McGhee Blvd,Caryville,TN,37714,,,36.29564,-84.214299,medium,https://nextdoor.com/pages/super-8-by-wyndham-caryville-tn/,"web-search snippet (Nextdoor business page geodata); Coordinates 36.29564035/-84.21429896 for Super 8, 200 John McGhee Blvd, Caryville TN 37714. Consistent with I-75 exit 134 / Cove Lake State Park area east of the interstate. Single source; wyndhamhotels.com brand page confirmed address only (direct fetch blocked).",manual-review,action=manual-review; confidence=medium
08d24d71-a131-473b-9ffd-cc56b92b5466,Love's Travel Stop #364,truck-stops,200 Lower River Rd NW,Charleston,TN,37310,,,35.291951,-84.818048,medium,https://www.findtruckservice.com/locations/loves-travel-stop-6734?latitude=35.29195062372641&longitude=-84.81804831663703,"coordinates in Find Truck Service location URL; Explicit lat/lon in FTS locations URL for Love's #364, 200 Lower River Rd NW, Charleston TN (I-75 exit 33). Cross-consistent with Ponderosa Truck Stop across the frontage road (~370 m SSW). Loves.com store page confirms address/exit. Not two same-address sources, so kept at medium.",manual-review,action=manual-review; confidence=medium
f9ecb604-3fd2-46b9-bd2c-36a798aa3f37,Love's Truck Care - Love's Travel Stop #364,tire-repair,200 Lower River Rd,Charleston,TN,,,,35.291951,-84.818048,medium,https://www.findtruckservice.com/locations/loves-travel-stop-6734?latitude=35.29195062372641&longitude=-84.81804831663703,coords from indexed locator URL params; FindTruckService locator URL for this Love's carries the store's coords; matches I-75 exit 33 W of Charleston. Truck Care is co-located on Love's #364 host property (same coords expected for host). Single source.,manual-review,action=manual-review; confidence=medium
7deb34cf-e74e-4398-ab16-1d31efa8a89a,Ponderosa Truck Stop,truck-stops,9227 Frontage Rd NW,Charleston,TN,37310,,,35.288721,-84.818741,medium,https://www.parkadvisor.com/us/tennessee/charleston/734065/Ponderosa+Truck+Stop,"web-search snippet (ParkAdvisor/TruckMap listing); Coordinates 35.288721/-84.818741 for Ponderosa Truck Stop, 9227 Frontage Rd NW, Charleston TN 37310 (I-75 exit 33). Sits on the frontage road directly across from Love's #364 (~370 m), matching known layout. Single directory source.",manual-review,action=manual-review; confidence=medium
6388ce8e-6d60-43c0-a9ad-5069f26781b8,Orbit Chevron Market,truck-stops,1420 25th St NW,Cleveland,TN,37311,,,35.189995,-84.88141,medium,https://www.chamberofcommerce.com/business-directory/tennessee/cleveland/gas-station/5977590-valero,"web-search snippet (business-directory geodata); Coordinates 35.189995/-84.88141 for the station at 1420 25th St NW, Cleveland TN 37311 (now branded Valero per locations.valero.com store 0000028762; listing name Orbit Chevron Market, same phone 423-472-3128). Point lies on the 25th St corridor between I-75 exit 25 and downtown Cleveland, plausible for the 1400 block. Single source.",manual-review,action=manual-review; confidence=medium
128a2d09-7f2f-42f0-81cc-1f714b61b3d7,Tennessee Weigh Station - I-75 Northbound (Bradley County),weigh-stations,I-75 North near mile marker 23.5,Cleveland,TN,,,,35.182898,-84.908035,medium,https://github.com/tbeerbower/vanlife/blob/08f1da90fa6d4af408d67f92b850b102558302e8/vanlife-backend/src/main/resources/NTAD_Truck_Stop_Parking_9110160632932345500.csv,"USDOT NTAD directional record + trucker-directory cross-check of NB MM 23.5 site; NTAD row 1425 'NHS Parking Area, No Facilities, I-75N, MP 23.5, Bradley, TN' = 35.182898,-84.908035. Coopsareopen/allstays confirm an I-75 NORTHBOUND enforcement site at MM 23.5 near Cleveland ('parking area where DOT sets up a couple times a year'). Caveat: this is an inspection/parking area used for mobile enforcem [AUDITED:suspect] Coordinate extraction verified: NTAD row 1425 = 35.182898,-84.908035, and the MM 23.5 latitude is plausible (between Cleveland exits 20 and 25). BUT the NTAD record class is 'NHS P",manual-review,action=manual-review; confidence=medium
e151d192-88be-4548-ab2f-fd5e19590ff1,Kwik Fuel Center (Lee's Travel Center),truck-stops,2233 N Charles G Seivers Blvd,Clinton,TN,37716,,,36.1028,-84.1238,low,https://latitude.to/articles-by-country/us/united-states/41155/clinton-tennessee,"city-centroid fallback (Clinton TN); CITY CENTROID ONLY - NOT an address match. Business (Kwik Fuel Center / Kwik Shop, 2233 N Charles G Seivers Blvd, I-75 exit 122, phone 865-457-2923) is confirmed via allstays/truxspot/parkadvisor, and actually sits near exit 122 roughly 4-5 km NE of this downtown-Clinton point. No address-level coordinate source found and geocoders blocked. Do not plot as the s",manual-review,action=manual-review; confidence=low
b76a9ddb-e96a-4ae7-941c-03d2cee8417a,Circle K (Little Debbie Parkway),truck-stops,5020 Little Debbie Parkway,Collegedale,TN,,,,35.063425,-85.07313,medium,https://www.circlek.com/store-locator/US/collegedale/5020-little-debbie-pwky/4703791,"web-search extraction (Circle K store 4703791 / directory geodata); Coordinates 35.063425/-85.07313 for Circle K, 5020 Little Debbie Pkwy, Collegedale TN 37363 (I-75 exit 11). Point lies mid-Little Debbie Parkway between exit 11 and Collegedale, consistent with the 5020 block. Coordinate came via search extraction (posc.org/gasbuddy-class source); Circle K page itself confirmed address only.",manual-review,action=manual-review; confidence=medium
bc4ff9f8-a138-4a2c-9fc2-e6b9017faea7,"CAT Scale — Pilot Travel Center #403 (ONE9 Travel Center), Heiskell",cat-scales,1915 E Raccoon Valley Rd,Heiskell,TN,37754,,,36.11107,-84.020183,medium,https://www.truckstopsandservices.com/location_details.php?id=18132,"truck-stop directory printed coords; truckstopsandservices prints 36.111070,-84.020183 for Pilot/ONE9 #403, 1915 E Raccoon Valley Rd, I-75 exit 117 (sanity: matches Raccoon Valley interchange). CAT scale on host property. Single source.",manual-review,action=manual-review; confidence=medium
f9e3ec91-4b3f-4c36-a174-96eafb9e907e,ONE9 Travel Center #403,truck-stops,1915 E Raccoon Valley Dr,Heiskell,TN,37754,,,36.11107,-84.020183,medium,https://www.findtruckservice.com/page/one9-travel-center-403-heiskell-tn-410893,"web-search snippet (Find Truck Service listing); Coordinates 36.111070/-84.020183 for ONE9 #403, 1915 E Raccoon Valley Dr, Heiskell TN 37754 (I-75 exit 117, phone 865-938-1439). Consistent with Raccoon Valley interchange. locations.pilotflyingj.com page confirms address but blocks fetch. Single coordinate source.",manual-review,action=manual-review; confidence=medium
5d4edba9-0200-41ea-9b33-43cb436d42c4,Days Inn by Wyndham Jellico - Tennessee State Line,hotels-truck-parking,1417 5th Street,Jellico,TN,37762,,,36.5762,-84.125,low,https://latitude.to/articles-by-country/us/united-states/50422/jellico-tennessee,"city-centroid fallback (Jellico TN); CITY CENTROID ONLY - NOT an address match. Days Inn, 1417 5th St (US-25W), Jellico TN 37762, I-75 exit 160, is confirmed via hotelguides/iexit/yelp and described as 0.8 mi from town center toward the KY state line (i.e., north of this point). No address-level coordinate source surfaced; Wyndham brand page fetch blocked. Re-geocode before mapping.",manual-review,action=manual-review; confidence=low
e808cd20-757a-42c2-b9ed-fbf02e964b3e,Best-One Tire of Knoxville,tire-repair,5407 N Middlebrook Pike,Knoxville,TN,37921,,,35.956999,-84.005558,medium,https://www.autotechiq.com/auto-repair-shop/44507/bestone-tire-of-knoxville,"shop-directory printed coords; AutoTechIQ prints 35.9569994,-84.0055577 for Best-One Tire, 5407 N Middlebrook Pike; consistent with 5400 block of Middlebrook Pike, west Knoxville (not city centroid). Single source.",manual-review,action=manual-review; confidence=medium
8f9f63e8-3893-4921-a48e-66dabad53692,Blue Beacon Truck Wash of Knoxville,truck-washes,1501 Everett Rd,Knoxville,TN,37932,,,35.881896,-84.232408,medium,https://www.findtruckservice.com/page/blue-beacon-truck-wash-of-knoxville-knoxville-tn-426151,"directory coords via search summary; Full-precision pair 35.88189607595045,-84.23240792975905 surfaced for 1501 Everett Rd (FindTruckService most likely origin). ~300 m ENE of Flying J #722 host corner (800 Watt Rd), N of I-40/75 exit 369. NOTE: implies Everett Rd runs E of Watt Rd, which conflicts with the Speedco #932 point (see that row); one of the two directory points may be on the wrong side [AUDITED:suspect] Address and ownership independently verified: Knox County Commission transcripts (zack-kimble/knox_searchable_meetings_md) record 'Blue Beacon USA LP ... property located at 1501 E",manual-review,action=manual-review; confidence=medium
51f35bd0-85e6-45f9-9360-71e5110f4c79,"CAT Scale — Petro Knoxville #312, Knoxville (Watt Road)",cat-scales,722 Watt Rd,Knoxville,TN,37934,,,35.873428,-84.235435,medium,https://www.komparing.com/us/gas-station/service-station_petro-stopping-centers/knoxville/35.8734283447_-84.2354354858,"station DB coords (URL-embedded) + directory cross-check; Komparing (OSM-derived) station point for Petro 722 (N) Watt Rd. Second source (FindTruckService) gives 35.8734,-84.2375 - same latitude, longitude ~190 m W (likely road-centerline geocode), just outside the 150 m high-confidence window. Kept the on-property station point. Distinct from TA (615 Watt) and Flying J (800 Watt). CAT scale on Pe [AUDITED:confirmed] Point 35.873428,-84.235435 is on the EAST side of Watt Rd; WhosOnFirst parity analysis (even 800 Watt = east, odd 821 = west) puts even-numbered 722 (Petro) on the east side, agre",manual-review,action=manual-review; confidence=medium
b2b47835-26cd-4b73-9b81-aeb562872970,"CAT Scale — Pilot Travel Center (Flying J #722), Knoxville (Watt Road)",cat-scales,800 Watt Rd,Knoxville,TN,37932,,,35.881204,-84.235996,medium,https://www.truckstopsandservices.com/location_details.php?id=954,"truck-stop directory printed coords; truckstopsandservices prints 35.8812038,-84.2359964 for Flying J #722, 800 Watt Rd, N of I-40/75 exit 369 - correctly N of the interstate and distinct from TA/Petro S of it. CAT scale on host property. Single source.",manual-review,action=manual-review; confidence=medium
7781de27-e09d-41fe-b394-5250755d187b,Love's Speedco #932 Knoxville,tire-repair,1701 Everett Rd,Knoxville,TN,37932,,,35.88293,-84.238204,medium,https://www.findtruckservice.com/speedco?latitude=35.88292993687293&longitude=-84.23820390185244,"coords from indexed locator URL params; FindTruckService Speedco locator URL centered on store #932, 1701 Everett Rd; N of I-40/75 exit 369 near Flying J #722 host. NOTE: this point is ~430 m NW of Flying J while the Blue Beacon (1501 Everett) point is ~300 m ENE - the two directory points disagree on which side of Watt Rd Everett Rd's 1500-1700 block lies; one may be misplaced by ~500 m.",manual-review,action=manual-review; confidence=medium
5e829807-6932-4f13-b44f-e5dea115f755,Petro Knoxville,truck-stops,722 Watt Rd,Knoxville,TN,37934,,,35.873428,-84.235435,medium,https://www.campendium.com/petro-knoxville-tn,"web-search extraction (Campendium/TruckMap listing); Coordinates 35.8734/-84.2375 for Petro #312, 722 Watt Rd, Knoxville TN (I-40/75 exit 369), returned consistently by two search extractions. South side of the interchange, distinct from Flying J (~800 m N) as required. 4-decimal precision; sources may share an upstream origin, so kept medium. [AUDITED:wrong] REFUTED: 35.8734,-84.2375 is only ~49 m from the TA Knoxville West host point (35.8731,-84.2379) - two truck-stop properties cannot be 49 m apart, and this position is on the WEST",manual-review,action=manual-review; confidence=medium
ea438e19-dcd1-402a-a424-e243df58e1c6,Pride Truck Wash,truck-washes,1651 Everett Rd,Knoxville,TN,37932,,,35.88241,-84.2353,low,,"interpolation between verified neighbors; No published coords found for 1651 Everett Rd. Point is the midpoint between Blue Beacon (1501 Everett, 35.881896,-84.232408) and Speedco (1701 Everett, 35.882930,-84.238204), which bracket it by street number; correct strip N of I-40/75 exit 369, but those anchors disagree by ~500 m so treat as approximate.",manual-review,action=manual-review; confidence=low
cd4783d1-b67c-4c09-b056-6a72f5606229,TA Knoxville West,truck-stops,615 Watt Rd,Knoxville,TN,37922,,,35.8731,-84.2379,medium,,"conflicting geodata rejected; TA Knoxville West #269, 615 Watt Rd (615 N Watt Rd per Pizza Hut/CAT Scale co-located listings), I-40/75 exit 369. The only coordinate found (pathsure.com/business/ta-travel-center-365363: 35.873413/-84.235905) is ~150 m from the Petro #312 point, i.e., it appears to duplicate the Petro lot rather than TA's own property; a Nextdoor hit returned the closed TA at 608 Lo [AUDITED:suspect] The 'skip/unresolved' call is internally inconsistent and unnecessary: the same first pass rated 35.8731,-84.2379 as HIGH/ready for the CAT-Scale-at-TA and TA-Truck-Service rows on",manual-review,action=manual-review; confidence=medium
ec42dd30-c4fc-415f-9b7e-c4627f74bae6,TA Truck Service - Petro Knoxville,tire-repair,722 Watt Rd,Knoxville,TN,37934,,,35.873428,-84.235435,medium,https://www.komparing.com/us/gas-station/service-station_petro-stopping-centers/knoxville/35.8734283447_-84.2354354858,"co-located with host (same coords); TA Truck Service is on the Petro Knoxville #312 host property, 722 Watt Rd - identical coords to the Petro/CAT-scale rows by design. See Petro row for the ~190 m longitude discrepancy between the two sources. [AUDITED:confirmed] Same point as the CAT-Scale-at-Petro row (35.873428,-84.235435), co-located by design on the Petro host property. East/even side of Watt Rd is correct for 722 per WhosOnFirst parit",manual-review,action=manual-review; confidence=medium
e9a4dbbb-9015-4850-91ec-28fbad53f841,Tennessee Weigh Station - I-75 Northbound (Knox County),weigh-stations,"I-40 East/I-75 North near mile marker 372 (I-40 mileposts), on the I-40/I-75 concurrency",Knoxville,TN,,,,35.89309,-84.196533,medium,https://github.com/tbeerbower/vanlife/blob/08f1da90fa6d4af408d67f92b850b102558302e8/vanlife-backend/src/main/resources/NTAD_Truck_Stop_Parking_9110160632932345500.csv,"USDOT NTAD 'Weigh Scale Complex I40 EB MP 372 KNOX' record + weigh-station API dataset cross-check; NTAD row 1448 'Weigh Scale Complex, No Facilities, I40 EB, MP 372, KNOX, TN' = 35.89309,-84.196533 (used); rv-nav-ds weigh_station_api.csv row 283 = 35.89309,-84.19567 (agrees within ~80 m). THP CVE page (tn.gov) lists District 1 Scale House I-40 East MM 372, EB phone 865-594-0920; stations sit betw [AUDITED:confirmed] NTAD 'Weigh Scale Complex, I40 EB, MP 372, KNOX' = 35.89309,-84.196533 re-verified (note: NTAD contains this EB row twice and NO WB row). AARoads I-40/75 guide independently confi [FINAL-AUDIT:demoted] THP officially confirms the EB scale (I-40 East MM 372, Knox, 865-594-0920) a",manual-review,action=manual-review; confidence=medium
804c5c9d-e0f9-4667-984d-e4bbd51775db,Tennessee Weigh Station - I-75 Southbound (Knox County),weigh-stations,"I-40 West/I-75 South near mile marker 372 (I-40 mileposts), on the I-40/I-75 concurrency",Knoxville,TN,,,,35.89324,-84.19906,medium,https://github.com/BloomTech-Labs/rv-nav-ds/blob/297b43b248d5e07463ce555713ff97f64312b5ff/CSVs/weigh_station_api.csv,"weigh-station API dataset point paired by elimination with NTAD EB record; WB facility existence confirmed by THP; rv-nav-ds weigh_station_api.csv row 282 = 35.89324,-84.19906 Knoxville; its sibling row 283 matches the NTAD EB complex, so this second point is taken as the WESTBOUND (I-75 SB) complex ~300 m west, marginally north of the EB point as expected for the WB side. THP CVE page confirms a",manual-review,action=manual-review; confidence=medium
d58e3dbf-f1ed-4822-adf6-94841a1a7c64,Love's Travel Stop #480,truck-stops,9155 Highway 321 N,Lenoir City,TN,37771,,,35.872819,-84.323258,medium,https://www.findtruckservice.com/page/loves-travel-stop-480-lenoir-city-tn-422322,"web-search snippet (Find Truck Service listing); Coordinates 35.872819/-84.323258 for Love's #480, 9155 Highway 321 N, Lenoir City TN 37771 (I-40 exit 364, per truckstopsandservices; note this stop is on I-40, not I-75 - input has interstate null which is fine). Point matches US-321 at I-40 north of Lenoir City. Single source.",manual-review,action=manual-review; confidence=medium
317477d8-2741-495d-a3b5-3c5e6eec68ed,"CAT Scale — Love's Travel Stop #861, Loudon",cat-scales,222 Elizabeth Lee Parkway,Loudon,TN,37774,,,35.733196,-84.397797,medium,https://www.findtruckservice.com/page/loves-travel-stop-861-loudon-tn-444314,"directory coords via search summary; FindTruckService prints 35.7331962585449,-84.3977966308594 for Love's #861, 222 Elizabeth Lee Pkwy; matches I-75 exit 72 W of Loudon. CAT scale on host property. Single source.",manual-review,action=manual-review; confidence=medium
0b49a63f-9886-4ac2-a547-81b6ecda5d6f,Love's Travel Stop #861,truck-stops,222 Elizabeth Lee Pkwy,Loudon,TN,37774,,,35.73281,-84.40009,medium,https://www.goodsam.com/campgrounds-rv-parks/tennessee/loudon/love-s-rv-hookup---861-202424166,"web-search snippet (Good Sam campground listing, same property); Coordinates 35.732810/-84.400090 from Good Sam's listing for Love's RV Hookup at the same property (Love's #861, 222 Elizabeth Lee Pkwy, Loudon TN 37774, I-75 exit 72 SWC, opened Dec 2022). Consistent with I-75/TN-72 interchange geography. Single source; loves.com confirmed address/exit only.",manual-review,action=manual-review; confidence=medium
6084486a-563c-4492-8a3f-575d0e036f02,Speedco at Love's Travel Stop #861,tire-repair,222 Elizabeth Lee Pkwy,Loudon,TN,37774,,,35.733196,-84.397797,medium,https://www.findtruckservice.com/page/speedco-at-loves-travel-stop-861-loudon-tn-444313,co-located with host (same coords); Speedco operates on the Love's #861 host property - identical coords to the Love's #861 CAT-scale row by design.,manual-review,action=manual-review; confidence=medium
cce804c6-fbf4-4d3b-8e4f-000952e40fc6,"CAT Scale — Pilot Travel Center #481, McDonald (Cleveland)",cat-scales,281 Pleasant Grove Road SW,McDonald,TN,37353,,,35.153142,-84.952948,medium,https://www.truckstopsandservices.com/location_details.php?id=37449,"truck-stop directory printed coords; truckstopsandservices prints 35.153142,-84.952948 for Pilot #481, 281 Pleasant Grove Rd SW, I-75 exit 20 (McDonald/Cleveland); sanity matches exit 20. CAT scale on host property. Single source.",manual-review,action=manual-review; confidence=medium
444e4c77-93aa-4cbc-a8f7-825079fac2f3,Pilot Travel Center #481,truck-stops,281 Pleasant Grove Road SW,McDonald,TN,37353,,,35.153142,-84.952948,medium,https://carrieratlas.com/truckstops/tn/mcdonald/pilot-281-pleasant-grove-road-sw/,"web-search extraction (Carrier Atlas/Find Truck Service data); Coordinates 35.153142/-84.952948 for Pilot #481, 281 Pleasant Grove Road SW, McDonald TN 37353 (I-75 exit 20, phone 423-476-3892). Matches exit 20 between Chattanooga and Cleveland. Single coordinate source; brand page blocked.",manual-review,action=manual-review; confidence=medium
dbf0f5f0-3fa6-4f92-98f5-40f76579d5c8,"CAT Scale — Pilot Travel Center #4598, Niota",cat-scales,507 Hwy 309,Niota,TN,37826,,,35.545167,-84.565514,medium,https://www.truckstopsandservices.com/location_details.php?id=681,"truck-stop directory printed coords; truckstopsandservices prints 35.5451672,-84.5655143 for Pilot #4598, 507 Hwy 309, I-75 exit 56 Niota; consistent with mile-56 position between Athens (49) and Sweetwater (60). CAT scale on host property. Single source.",manual-review,action=manual-review; confidence=medium
d9b97d0d-705a-40ce-9e78-f1184727f6eb,Crazy Ed's Travel Center,truck-stops,547 Highway 309,Niota,TN,37826,,,35.54385,-84.566391,medium,https://www.parkadvisor.com/us/tennessee/niota/734206/WilcoHess+Crazy+Eds+Travel+Center,"web-search snippet (ParkAdvisor listing); Coordinates 35.54385/-84.566391 for Crazy Ed's Travel Center, 547 Highway 309, Niota TN 37826 (I-75 exit 56). Sits ~180 m from the Pilot #4598 point at 507 Hwy 309, matching the two adjacent exit-56 stops - good mutual consistency, distinct points kept. Single direct source.",manual-review,action=manual-review; confidence=medium
ecdaf4ed-6ee3-44b4-ac84-7c8149c63055,Southern Tire Mart at Pilot - Niota,tire-repair,543 Highway 309,Niota,TN,37826,,,35.545167,-84.565514,medium,https://www.truckstopsandservices.com/location_details.php?id=681,"co-located with host (host coords used); Branded 'Southern Tire Mart at Pilot Flying J' (STMPFJ-318) and listed as an on-site facility of Pilot #4598, so host coords used. CAUTION: STM's own locator (locations.stmtires.com/tn/niota/543-highway-309) publishes 35.542073,-84.582782, ~1.6 km WSW in open land - judged a bad street-range geocode and rejected.",manual-review,action=manual-review; confidence=medium
03c57077-85f1-4fea-8838-348d2f8a3b5f,"CAT Scale — Pilot Travel Center #1577, Pioneer",cat-scales,106 Comfort Lane,Pioneer,TN,37847,,,36.37677,-84.248712,medium,https://www.truckstopsandservices.com/location_details.php?id=55932,"truck-stop directory printed coords; truckstopsandservices prints 36.3767697,-84.2487116 for Pilot #1577, 106 Comfort Ln, I-75 exit 141 Pioneer; ~230 m from TA Caryville across the interchange (correctly distinct). CAT scale on host property. Single source.",manual-review,action=manual-review; confidence=medium
0910b870-8a54-42b1-8fcc-993737757ade,"CAT Scale — TA Caryville #255, Pioneer",cat-scales,305 Howard Baker Hwy,Pioneer,TN,37847,,,36.3771,-84.2463,medium,https://www.truckstopsandservices.com/location_details.php?id=16527,"truck-stop directory printed coords; truckstopsandservices prints 36.3771,-84.2463 for TA Caryville #255, 305 Howard Baker Hwy, I-75 exit 141; distinct from Pilot #1577 (~230 m W). CAT scale on host property. Single source.",manual-review,action=manual-review; confidence=medium
5aecf10b-8e95-48a4-a815-da033b1d7cf4,Pilot Travel Center #1577,truck-stops,106 Comfort Ln,Pioneer,TN,37847,,,36.376747,-84.248683,medium,https://www.sekr.com/location/tennessee/pioneer/pilot-travel-center,"web-search snippet (Sekr location page); Coordinates 36.37674747/-84.24868312 for Pilot #1577, 106 Comfort Ln, Pioneer TN 37847 (I-75 exit 141, phone 423-562-8483). Sits ~220 m from the TA Caryville point at the same exit - consistent adjacent facilities, kept distinct. Single coordinate source for this exact address.",manual-review,action=manual-review; confidence=medium
25bbe285-2b82-4ad4-a1fb-5dd82073d31f,TA Caryville,truck-stops,305 Howard Baker Hwy,Pioneer,TN,37847,,,36.3771,-84.2463,medium,https://carrieratlas.com/truckstops/tn/caryville/ta-caryville/,"web-search extraction (Carrier Atlas listing, returned twice); Coordinates 36.377100/-84.246300 for TA Caryville #255, 305 Howard Baker Hwy, Pioneer TN 37847 (I-75 exit 141, phone 423-562-3490). Same value returned in two separate searches, but likely same upstream source, so medium. Adjacent Pilot #1577 point ~220 m away corroborates the exit-141 cluster; ta-petro.com page confirms address (fetch",manual-review,action=manual-review; confidence=medium
c5817bd7-5700-4967-ae76-f2c259d84dc7,TA Truck Service - TA Caryville,tire-repair,305 Howard Baker Hwy,Pioneer,TN,37847,,,36.3771,-84.2463,medium,https://www.ta-petro.com/location/tn/ta-caryville/,"co-located with host (same coords); TA Truck Service on the TA Caryville #255 host property, 305 Howard Baker Hwy - identical coords to the TA Caryville CAT-scale row by design (coords from truckstopsandservices id=16527).",manual-review,action=manual-review; confidence=medium
ad02b07e-d2e3-4c78-978f-c18dee094d5b,Super 8 by Wyndham Knoxville North/Powell,hotels-truck-parking,323 E. Emory Road,Powell,TN,37849,,,36.031666,-84.028053,low,https://www.latlong.net/place/powell-tn-usa-5605.html,"city-centroid fallback (Powell TN); CITY CENTROID ONLY - NOT an address match. Super 8 Knoxville North/Powell, 323 E. Emory Road, Powell TN 37849, off I-75 exit 112, confirmed via Wyndham/Yelp/allstays; the hotel is on E Emory Rd likely within ~2 km of this Powell centroid but no address-level coordinate source was found (a clustrmaps hit for 323 W Emory Rd, 36.0389775/-84.0139053, is a DIFFERENT",manual-review,action=manual-review; confidence=low
20b3d4b8-3e07-4795-8441-3711c7cf8a06,Circle K #3626 (former Kangaroo Express),truck-stops,1157 Hwy 68,Sweetwater,TN,37874,,,35.6015,-84.4668,low,https://latitude.to/articles-by-country/us/united-states/44458/sweetwater-tennessee,"city-centroid fallback (Sweetwater TN); CITY CENTROID ONLY - NOT an address match. Circle K #3626 (ex-Kangaroo Express), 1157 Hwy 68, Sweetwater TN 37874, I-75 exit 60, phone 423-337-9577, confirmed via circlek.com locator/truckstopsandservices/gasbuddy; the store is actually at the exit-60/Hwy 68 interchange SW of downtown, roughly 3-4 km from this centroid. No address-level coordinates found; ge",manual-review,action=manual-review; confidence=low
1a87c0af-66ae-46d8-8732-4539b477e0ac,"I-75 Tire, Truck, and Trailer Repair",tire-repair,135 Belcher Rd,Sweetwater,TN,37874,,,35.625271,-84.491883,medium,https://truckerguideapp.com/tire-shops/i-75-tire-truck-and-trailer-repair-352768,"shop-directory printed coords; Trucker Guide prints 35.6252709,-84.4918826 for 135 Belcher Rd, Sweetwater. SUSPICIOUS: point sits ~2 km W of the I-75 mainline near exit 60/62 - plausible for an off-interchange shop on a side road, but worth spot-checking against the parcel. Single source.",manual-review,action=manual-review; confidence=medium
e0313d78-4c15-4c8c-a6cf-827c797b1869,Quality Inn West Sweetwater,hotels-truck-parking,249 Hwy 68,Sweetwater,TN,37874,,,35.6015,-84.4668,low,https://latitude.to/articles-by-country/us/united-states/44458/sweetwater-tennessee,"city-centroid fallback (Sweetwater TN); CITY CENTROID ONLY - NOT an address match. Quality Inn West, 249 Hwy 68, I-75 exit 60, Sweetwater TN 37874, phone 423-337-3353, confirmed via choicehotels tn125/hotelguides/hotelplanner; actual property is right off exit 60, roughly 3-4 km SW of this centroid. No address-level coordinate source surfaced (choicehotels fetch blocked). Same fallback point as Ci",manual-review,action=manual-review; confidence=low