listing_id,business_name,category,address,city,state,zip,current_latitude,current_longitude,proposed_latitude,proposed_longitude,confidence,source_url,verification_notes,action,confidence_reason,reviewer_notes,priority,anchor_provenance
01d5116b-6fc7-4a6f-909d-11d594522aab,Truck Parking Club - Candler lot off Smokey Park Hwy,parking,Smokey Park Hwy (exact street number not published in listing preview),Candler,NC,,,,35.557336,-82.635671,medium,,mile-marker interpolation; interpolated between mileposts 44 and 44 (gap 0 mi),manual-review,anchor gap based; capped at medium by design,CO-LOCATED: identical point to pending anchor of listing 36f8c6be-7609-4ada-92c7-9d344b0abf58 — confirm distinct businesses at this exit,high,exact-exit anchor: census-pending-approval
03c39975-0f38-4f41-97e7-d50d95b9edf0,Petro Stopping Center #326 (Petro N. Little Rock),truck-stops,3205 Valentine Rd,North Little Rock,AR,72117,,,34.823607,-92.096193,medium,,mile-marker interpolation; interpolated between mileposts 161 and 161 (gap 0 mi),manual-review,anchor gap based; capped at medium by design,"CO-LOCATED: identical point to pending anchor of listing 0590d8cb-a505-4dfe-bdd6-5ce120d04412 — confirm distinct businesses at this exit; shares proposed point with candidate(s) 5ff985fa-b430-487b-8217-485a94e97d7d, 683aa9c6-51fa-479d-8042-b597b0bf2958, 740eb2a8-11f4-417c-b100-55913cdad7bb, 7eaa790a-ef79-4337-8268-12328f968bfb, 930d8058-2612-4312-99fe-c80cc9d03e11, d33bd5af-db05-4f0b-a829-7db826c27a96, ea928447-ab0f-46a4-9d40-916a91f2ffa2",high,exact-exit anchor: census-pending-approval
046b382e-6805-4be0-867d-d919b6cedadb,North Carolina Welcome Center - I-95 Northampton,parking,,Pleasant Hill,NC,27866,,,36.523860,-77.588397,medium,,mile-marker interpolation; interpolated between mileposts 180 and 180 (gap 0 mi),manual-review,anchor gap based; capped at medium by design,CO-LOCATED: identical point to pending anchor of listing b89a9bb7-6833-4f23-8466-1d6660615cd3 — confirm distinct businesses at this exit,high,exact-exit anchor: census-pending-approval
05c35c41-6e8f-481f-a2f7-5f50e91170df,"CAT Scale — Love's Travel Stop #363, Ocala",cat-scales,7791 NW 47th Avenue,Ocala,FL,34482,,,29.267063,-82.191807,medium,,mile-marker interpolation; interpolated between mileposts 358 and 358 (gap 0 mi),manual-review,anchor gap based; capped at medium by design,"CO-LOCATED: identical point to pending anchor of listing 1fbc776a-057a-4370-96e9-bc049b0385a8 — confirm distinct businesses at this exit; shares proposed point with candidate(s) 2f8d337f-56bf-4d5d-bfca-44de796066ca, fe6917b6-5da4-42db-a6ab-e533a1101e62",high,exact-exit anchor: census-pending-approval
08e36b89-6dee-438f-bd37-edf4a6eab784,Love's Travel Stop #368,truck-stops,300 Arby Dr,Clanton,AL,35045,,,32.841523,-86.601370,low,,mile-marker interpolation; interpolated between mileposts 200 and 219 (gap 19 mi),manual-review,anchor gap based; capped at medium by design,"shares proposed point with candidate(s) 21dc37d4-6706-44d4-8dee-b871cdce17d4, b92f4315-9237-42fc-ba92-71c2e383e7cc",normal,lower: census-pending-approval; upper: census-pending-approval
0bb17862-7612-4347-8917-657be20158b0,PJ's Country Store (Jump Stop / Valero),truck-stops,9499 US Highway 70,Lehi,AR,,,,35.211479,-90.285452,low,,mile-marker interpolation; interpolated between mileposts 260 and 280 (gap 20 mi),manual-review,anchor gap based; capped at medium by design,,normal,lower: census-pending-approval; upper: census-pending-approval
0e545ab7-6774-47b5-8f58-30d40f795728,Sheetz #804,truck-stops,310 Chicken Foot Rd,Hope Mills,NC,28348,,,34.906753,-78.877571,low,,mile-marker interpolation; interpolated between mileposts 22 and 49 (gap 27 mi),manual-review,anchor gap based; capped at medium by design,,normal,lower: census-pending-approval; upper: census-pending-approval
0fd1e82b-0a8e-410b-9af9-8787d6ab89b8,TA Whitestown (TravelCenters of America #173),truck-stops,5930 E State Road 334,Whitestown,IN,46075,,,39.989770,-86.374869,medium,,mile-marker interpolation; interpolated between mileposts 130 and 130 (gap 0 mi),manual-review,anchor gap based; capped at medium by design,"CO-LOCATED: identical point to pending anchor of listing efa068e0-042c-4242-a821-08949d2486c2 — confirm distinct businesses at this exit; shares proposed point with candidate(s) 97fcf610-ee57-4801-ab8f-87af7945076d, a8c59dd9-a02e-41d1-b843-850c5fa78b43",high,exact-exit anchor: census-pending-approval
12dde434-b831-4783-97f6-f524314da838,Menendez Road Service,roadside-service,,Jessup,MD,20794,,,39.163838,-76.769681,medium,,mile-marker interpolation; interpolated between mileposts 41 and 41 (gap 0 mi),manual-review,anchor gap based; capped at medium by design,CO-LOCATED: identical point to pending anchor of listing 44ef662c-3372-40a8-9c5b-eb2f0c76fc2c — confirm distinct businesses at this exit,high,exact-exit anchor: census-pending-approval
13be8788-04e4-4034-ade5-45061a9c25ec,Florida Weigh Station - I-75 Northbound (Punta Gorda),weigh-stations,,Punta Gorda,FL,,,,26.894764,-82.009206,medium,,mile-marker interpolation; interpolated between mileposts 161 and 161 (gap 0 mi),manual-review,anchor gap based; capped at medium by design,CO-LOCATED: identical point to pending anchor of listing 7500cfb3-d609-4280-9869-356cb5588398 — confirm distinct businesses at this exit,high,exact-exit anchor: census-pending-approval
13fbe19d-84fb-4f7b-b4e4-f40b556c3235,Little Rock Truck Parking - Conway Lot,parking,,Conway,AR,,,,35.074058,-92.433166,medium,,mile-marker interpolation; interpolated between mileposts 125 and 125 (gap 0 mi),manual-review,anchor gap based; capped at medium by design,CO-LOCATED: identical point to pending anchor of listing dc42c076-4e52-4013-98b4-5a57ddc223c9 — confirm distinct businesses at this exit,high,exact-exit anchor: census-pending-approval
146b8332-2938-43e7-ab80-e6069aee6443,Love's Truck Care - Frenchtown/Monroe (#645),tire-repair,1609 Nadeau Rd,Frenchtown,MI,48161,,,41.962804,-83.344150,low,,mile-marker interpolation; interpolated between mileposts 15 and 32 (gap 17 mi),manual-review,anchor gap based; capped at medium by design,shares proposed point with candidate(s) bbe85dec-152f-460c-a888-a1eb45ba5af7,normal,lower: census-pending-approval; upper: census-pending-approval
17cb6c79-6277-4649-8ed0-b39aaecd96bd,T&T Mobile Repair - Birch Run,roadside-service,,Birch Run,MI,,,,43.250237,-83.778811,medium,,mile-marker interpolation; interpolated between mileposts 136 and 136 (gap 0 mi),manual-review,anchor gap based; capped at medium by design,CO-LOCATED: identical point to pending anchor of listing 485085d9-98c6-4e88-9661-862c3bc0c514 — confirm distinct businesses at this exit; shares proposed point with candidate(s) d0b37299-61ff-49e7-bcc9-46d9ce6616ab,high,exact-exit anchor: census-pending-approval
180e7203-8914-4be5-9943-437fe4bb37ff,Clarion Pointe Athens I-65,hotels-truck-parking,1322 US Highway 72 East,Athens,AL,35611,,,34.764925,-86.867365,medium,,mile-marker interpolation; interpolated between mileposts 351 and 351 (gap 0 mi),manual-review,anchor gap based; capped at medium by design,CO-LOCATED: identical point to pending anchor of listing 3424577e-6317-4273-9ec2-7f64adb7c073 — confirm distinct businesses at this exit,high,exact-exit anchor: census-pending-approval
1b28a7ae-3fa0-4c3a-975d-b96459b104d1,Southern Tire Mart at Pilot - Jackson,tire-repair,30 Sand Pebble Rd (at Pilot Travel Center #366),Jackson,TN,38305,,,35.683617,-88.778262,medium,,mile-marker interpolation; interpolated between mileposts 85 and 85 (gap 0 mi),manual-review,anchor gap based; capped at medium by design,CO-LOCATED: identical point to pending anchor of listing 6e1f345b-b3fd-42bb-848c-acfb5573ebc8 — confirm distinct businesses at this exit,high,exact-exit anchor: census-pending-approval
1dac7271-b06e-47a7-9845-3ea235276d79,Flying J Travel Center #656,truck-stops,82 White St,Whiteland,IN,46184,,,39.549787,-86.095809,medium,,mile-marker interpolation; interpolated between mileposts 95 and 95 (gap 0 mi),manual-review,anchor gap based; capped at medium by design,"CO-LOCATED: identical point to pending anchor of listing 1822b81f-648c-4711-a265-fe1800ccb423 — confirm distinct businesses at this exit; shares proposed point with candidate(s) 34933f4a-2f1f-46aa-ae03-e94c7050a0a3, 5c78823e-ad8c-4072-a019-f167a2846019, 65d7a9c2-d5e3-4bcc-8cdc-4b20bcbf2fc8",high,exact-exit anchor: census-pending-approval
1ea6395c-a3b6-45ea-8e77-44eeca7f1ef6,Comfort Suites Cullman I-65 Exit 310,hotels-truck-parking,2054 St Joseph Drive NW,Cullman,AL,35055,,,34.200325,-86.872716,low,,mile-marker interpolation; interpolated between mileposts 305 and 334 (gap 29 mi),manual-review,anchor gap based; capped at medium by design,shares proposed point with candidate(s) edec532e-6c37-48e3-938d-064666b181fd,normal,lower: census-pending-approval; upper: census-pending-approval
21dc37d4-6706-44d4-8dee-b871cdce17d4,Love's Truck Care #368,tire-repair,300 Arby Dr,Clanton,AL,35045,,,32.841523,-86.601370,low,,mile-marker interpolation; interpolated between mileposts 200 and 219 (gap 19 mi),manual-review,anchor gap based; capped at medium by design,"shares proposed point with candidate(s) 08e36b89-6dee-438f-bd37-edf4a6eab784, b92f4315-9237-42fc-ba92-71c2e383e7cc",normal,lower: census-pending-approval; upper: census-pending-approval
22ab6bbc-2890-4b91-bb54-c04c6dd80a89,Wildwood Truck Wash,truck-washes,422 E State Road 44,Wildwood,FL,34785,,,28.874211,-82.094981,medium,,mile-marker interpolation; interpolated between mileposts 329 and 329 (gap 0 mi),manual-review,anchor gap based; capped at medium by design,"CO-LOCATED: identical point to pending anchor of listing 76f653aa-907b-4800-865a-1dd03003185a — confirm distinct businesses at this exit; shares proposed point with candidate(s) 245d9e0f-cb95-461e-822a-e458c03212ed, 2c075ea6-0ffe-4f08-8bcc-9d0a027c1ff3, 58ed9375-a7ad-4139-95ec-8c928564778c, 5992321e-fdc0-44b7-81ba-b85a783e5d24, 713ec7f7-b945-4cab-8cda-063d5d117e1b, e46dde1f-f966-449f-8017-0b5956c8a8e9",high,exact-exit anchor: census-pending-approval
245d9e0f-cb95-461e-822a-e458c03212ed,TA Wildwood (TravelCenters of America),truck-stops,556 E State Road 44,Wildwood,FL,34785,,,28.874211,-82.094981,medium,,mile-marker interpolation; interpolated between mileposts 329 and 329 (gap 0 mi),manual-review,anchor gap based; capped at medium by design,"CO-LOCATED: identical point to pending anchor of listing 76f653aa-907b-4800-865a-1dd03003185a — confirm distinct businesses at this exit; shares proposed point with candidate(s) 22ab6bbc-2890-4b91-bb54-c04c6dd80a89, 2c075ea6-0ffe-4f08-8bcc-9d0a027c1ff3, 58ed9375-a7ad-4139-95ec-8c928564778c, 5992321e-fdc0-44b7-81ba-b85a783e5d24, 713ec7f7-b945-4cab-8cda-063d5d117e1b, e46dde1f-f966-449f-8017-0b5956c8a8e9",high,exact-exit anchor: census-pending-approval
2701ec88-7347-4c3f-bd8d-080b9c8a2798,"Truck Parking Club - 4287 S Indianapolis Rd, Whitestown",parking,4287 S Indianapolis Rd,Whitestown,IN,46075,,,39.982040,-86.399847,medium,,mile-marker interpolation; interpolated between mileposts 133 and 133 (gap 0 mi),manual-review,anchor gap based; capped at medium by design,CO-LOCATED: identical point to pending anchor of listing 0ed35738-c7a2-48d8-9bd5-dad944cf9d9d — confirm distinct businesses at this exit,high,exact-exit anchor: census-pending-approval
2c075ea6-0ffe-4f08-8bcc-9d0a027c1ff3,"CAT Scale - Pilot #4556 (Wildwood, 744 SR 44)",cat-scales,744 E State Road 44,Wildwood,FL,34785,,,28.874211,-82.094981,medium,,mile-marker interpolation; interpolated between mileposts 329 and 329 (gap 0 mi),manual-review,anchor gap based; capped at medium by design,"CO-LOCATED: identical point to pending anchor of listing 76f653aa-907b-4800-865a-1dd03003185a — confirm distinct businesses at this exit; shares proposed point with candidate(s) 22ab6bbc-2890-4b91-bb54-c04c6dd80a89, 245d9e0f-cb95-461e-822a-e458c03212ed, 58ed9375-a7ad-4139-95ec-8c928564778c, 5992321e-fdc0-44b7-81ba-b85a783e5d24, 713ec7f7-b945-4cab-8cda-063d5d117e1b, e46dde1f-f966-449f-8017-0b5956c8a8e9",high,exact-exit anchor: census-pending-approval
2f8d337f-56bf-4d5d-bfca-44de796066ca,Love's Truck Care - Ocala (#363),tire-repair,7791 NW 47th Ave,Ocala,FL,34482,,,29.267063,-82.191807,medium,,mile-marker interpolation; interpolated between mileposts 358 and 358 (gap 0 mi),manual-review,anchor gap based; capped at medium by design,"CO-LOCATED: identical point to pending anchor of listing 1fbc776a-057a-4370-96e9-bc049b0385a8 — confirm distinct businesses at this exit; shares proposed point with candidate(s) 05c35c41-6e8f-481f-a2f7-5f50e91170df, fe6917b6-5da4-42db-a6ab-e533a1101e62",high,exact-exit anchor: census-pending-approval
31a18b65-6475-4880-9203-f8d44505a815,Truck & Trailer Parking - Avco Blvd (Sellersburg),parking,1523 Avco Blvd,Sellersburg,IN,47172,,,38.371951,-85.758429,medium,,mile-marker interpolation; interpolated between mileposts 7 and 7 (gap 0 mi),manual-review,anchor gap based; capped at medium by design,"CO-LOCATED: identical point to pending anchor of listing 41310565-f89e-49e0-9596-d17a218a165b — confirm distinct businesses at this exit; shares proposed point with candidate(s) 52615e2d-bbbe-45e7-8acc-4e95824179c8, 7429a8d9-ab7c-4563-be9c-c66b0b19efc4, 77cae36c-db9c-4cbf-832a-dbfbb384389b, ff14e2af-f0a7-4e65-a341-c15aab36fe6e",high,exact-exit anchor: census-pending-approval
32e1f8ab-7b2c-425d-b046-bf14bd3e1a0a,CAT Scale at Flying J Travel Center #607,cat-scales,3400 Service Loop Rd,West Memphis,AR,72301,,,35.153546,-90.135534,medium,,mile-marker interpolation; interpolated between mileposts 280 and 280 (gap 0 mi),manual-review,anchor gap based; capped at medium by design,"CO-LOCATED: identical point to pending anchor of listing 065b431c-e56b-493b-a68a-b9ba7e309d23 — confirm distinct businesses at this exit; shares proposed point with candidate(s) 394f5b7a-2970-453b-91d4-fc87c30a51a0, 7d43f079-09a4-4f73-a484-93682b5e28aa, 85185773-3082-49d5-b2f0-74135faedfe7, d6bd039a-db3c-449a-a77d-a8c9d46fb7af",high,exact-exit anchor: census-pending-approval
3330b910-184f-4852-a021-4653260d8e46,CAT Scale at Simmons Travel Plaza Emporia,cat-scales,1589 Skippers Rd,Emporia,VA,23847,,,36.662219,-77.556190,medium,,mile-marker interpolation; interpolated between mileposts 4 and 11 (gap 7 mi),manual-review,anchor gap based; capped at medium by design,shares proposed point with candidate(s) 8efeac67-b7ef-4e1b-8f82-977316b3137a,high,lower: census-pending-approval; upper: census-pending-approval
3392e09d-00c0-4f3d-b676-752172385b76,"Wayne's Towing, Recovery and Transport",roadside-service,,Saint George,SC,29477,,,33.194744,-80.603365,medium,,mile-marker interpolation; interpolated between mileposts 77 and 77 (gap 0 mi),manual-review,anchor gap based; capped at medium by design,CO-LOCATED: identical point to pending anchor of listing 455f776b-7681-45be-8604-fdb9593beb44 — confirm distinct businesses at this exit,high,exact-exit anchor: census-pending-approval
34933f4a-2f1f-46aa-ae03-e94c7050a0a3,Love's Speedco #952 (Whiteland),tire-repair,4804 N White St,Whiteland,IN,46184,,,39.549787,-86.095809,medium,,mile-marker interpolation; interpolated between mileposts 95 and 95 (gap 0 mi),manual-review,anchor gap based; capped at medium by design,"CO-LOCATED: identical point to pending anchor of listing 1822b81f-648c-4711-a265-fe1800ccb423 — confirm distinct businesses at this exit; shares proposed point with candidate(s) 1dac7271-b06e-47a7-9845-3ea235276d79, 5c78823e-ad8c-4072-a019-f167a2846019, 65d7a9c2-d5e3-4bcc-8cdc-4b20bcbf2fc8",high,exact-exit anchor: census-pending-approval
34fc2993-dbed-4d8f-8882-b05e7a4a3942,Pathway Travel Plaza,truck-stops,7746 GA-140,Adairsville,GA,30103,,,34.378529,-84.907029,medium,,mile-marker interpolation; interpolated between mileposts 306 and 306 (gap 0 mi),manual-review,anchor gap based; capped at medium by design,CO-LOCATED: identical point to pending anchor of listing 54d2b882-24b4-4c09-b2b8-98529c4e1af7 — confirm distinct businesses at this exit,high,exact-exit anchor: census-pending-approval
394f5b7a-2970-453b-91d4-fc87c30a51a0,Flying J Travel Center #607,truck-stops,3400 Service Loop Rd,West Memphis,AR,72301,,,35.153546,-90.135534,medium,,mile-marker interpolation; interpolated between mileposts 280 and 280 (gap 0 mi),manual-review,anchor gap based; capped at medium by design,"CO-LOCATED: identical point to pending anchor of listing 065b431c-e56b-493b-a68a-b9ba7e309d23 — confirm distinct businesses at this exit; shares proposed point with candidate(s) 32e1f8ab-7b2c-425d-b046-bf14bd3e1a0a, 7d43f079-09a4-4f73-a484-93682b5e28aa, 85185773-3082-49d5-b2f0-74135faedfe7, d6bd039a-db3c-449a-a77d-a8c9d46fb7af",high,exact-exit anchor: census-pending-approval
3a2d2598-0016-4b6e-a4c8-78a0e542015d,2020 CDL Training (Fredericksburg),cdl-schools,,Fredericksburg,VA,22408,,,38.262105,-77.506322,medium,,mile-marker interpolation; interpolated between mileposts 130 and 130 (gap 0 mi),manual-review,anchor gap based; capped at medium by design,CO-LOCATED: identical point to pending anchor of listing be40a471-cbe3-4486-9c3d-daa610788abd — confirm distinct businesses at this exit,high,exact-exit anchor: census-pending-approval
3a916e0e-766f-4fe5-b3ac-6613861492e7,Truck Parking Club - 8145 Connector Dr (Florence),parking,8145 Connector Dr,Florence,KY,41042,,,38.983648,-84.595308,medium,,mile-marker interpolation; interpolated between mileposts 180 and 180 (gap 0 mi),manual-review,anchor gap based; capped at medium by design,CO-LOCATED: identical point to pending anchor of listing d6097cf6-67ee-4259-bd01-c63af2c6bc0f — confirm distinct businesses at this exit,high,exact-exit anchor: census-pending-approval
3f5861a1-e8dd-4b4a-8f04-bd0f52d5d5e0,Discount Tire Sales & Service (Lumberton),tire-repair,,Lumberton,NC,28358,,,34.665372,-79.001338,medium,,mile-marker interpolation; interpolated between mileposts 22 and 22 (gap 0 mi),manual-review,anchor gap based; capped at medium by design,CO-LOCATED: identical point to pending anchor of listing 66abae1e-f898-4e10-8def-fd7e3504b89e — confirm distinct businesses at this exit,high,exact-exit anchor: census-pending-approval
49a23bf0-18cb-4ee8-b3cc-eaf19114f3d3,"CAT Scale — Pilot Travel Center #9, Franklin",cat-scales,6830 Franklin-Lebanon Road,Franklin,OH,45005,,,39.571769,-84.342955,low,,mile-marker interpolation; interpolated between mileposts 32 and 51 (gap 19 mi),manual-review,anchor gap based; capped at medium by design,shares proposed point with candidate(s) da698161-6d20-4069-9e12-64db6fb9cf21,normal,lower: census-pending-approval; upper: census-pending-approval
4afcec75-e167-44b6-bf5b-3219086c047e,Dolly's Tennessean Travel Stop,truck-stops,3686 Pulaski Highway,Cornersville,TN,37047,,,35.304676,-86.884102,medium,,mile-marker interpolation; interpolated between mileposts 22 and 22 (gap 0 mi),manual-review,anchor gap based; capped at medium by design,CO-LOCATED: identical point to pending anchor of listing 07d998a5-79fa-4b95-b63f-7bbeb29ca62e — confirm distinct businesses at this exit; shares proposed point with candidate(s) aa897b1d-e1de-4ff0-8ae6-45d82b3077c7,high,exact-exit anchor: census-pending-approval
4b60c1b7-624c-4541-8466-0844e9e0369e,"CAT Scale — Pilot Travel Center #24, Sharonville",cat-scales,,Sharonville,OH,,,,39.272994,-84.430434,medium,,mile-marker interpolation; interpolated between mileposts 15 and 15 (gap 0 mi),manual-review,anchor gap based; capped at medium by design,CO-LOCATED: identical point to pending anchor of listing 9acc0450-cc55-4324-92b7-85d68f4e4b0b — confirm distinct businesses at this exit; shares proposed point with candidate(s) a458560a-f2f2-4149-b476-a63e7a260094,high,exact-exit anchor: census-pending-approval
50c293a2-8ee6-465e-b34e-f4fbc12ecb96,Days Inn by Wyndham Clanton,hotels-truck-parking,2000 Big M Blvd,Clanton,AL,35046,,,32.803460,-86.578323,low,,mile-marker interpolation; interpolated between mileposts 200 and 219 (gap 19 mi),manual-review,anchor gap based; capped at medium by design,,normal,lower: census-pending-approval; upper: census-pending-approval
52615e2d-bbbe-45e7-8acc-4e95824179c8,Kenworth of Sellersburg (Palmer Trucks),roadside-service,1503 Avco Blvd,Sellersburg,IN,47172,,,38.371951,-85.758429,medium,,mile-marker interpolation; interpolated between mileposts 7 and 7 (gap 0 mi),manual-review,anchor gap based; capped at medium by design,"CO-LOCATED: identical point to pending anchor of listing 41310565-f89e-49e0-9596-d17a218a165b — confirm distinct businesses at this exit; shares proposed point with candidate(s) 31a18b65-6475-4880-9203-f8d44505a815, 7429a8d9-ab7c-4563-be9c-c66b0b19efc4, 77cae36c-db9c-4cbf-832a-dbfbb384389b, ff14e2af-f0a7-4e65-a341-c15aab36fe6e",high,exact-exit anchor: census-pending-approval
58ed9375-a7ad-4139-95ec-8c928564778c,"Pilot Travel Center #4556 (Wildwood, 744 SR 44)",truck-stops,744 E State Road 44,Wildwood,FL,34785,,,28.874211,-82.094981,medium,,mile-marker interpolation; interpolated between mileposts 329 and 329 (gap 0 mi),manual-review,anchor gap based; capped at medium by design,"CO-LOCATED: identical point to pending anchor of listing 76f653aa-907b-4800-865a-1dd03003185a — confirm distinct businesses at this exit; shares proposed point with candidate(s) 22ab6bbc-2890-4b91-bb54-c04c6dd80a89, 245d9e0f-cb95-461e-822a-e458c03212ed, 2c075ea6-0ffe-4f08-8bcc-9d0a027c1ff3, 5992321e-fdc0-44b7-81ba-b85a783e5d24, 713ec7f7-b945-4cab-8cda-063d5d117e1b, e46dde1f-f966-449f-8017-0b5956c8a8e9",high,exact-exit anchor: census-pending-approval
59355245-49a7-4da9-b672-e7e257c8e1e9,A.B. CDL Training,cdl-schools,,Laurel,MD,20707,,,39.097247,-76.851987,medium,,mile-marker interpolation; interpolated between mileposts 33 and 33 (gap 0 mi),manual-review,anchor gap based; capped at medium by design,CO-LOCATED: identical point to pending anchor of listing 83264a37-d31f-4775-8a1f-05901e60397d — confirm distinct businesses at this exit,high,exact-exit anchor: census-pending-approval
5992321e-fdc0-44b7-81ba-b85a783e5d24,CAT Scale - TA Wildwood,cat-scales,556 E State Road 44,Wildwood,FL,34785,,,28.874211,-82.094981,medium,,mile-marker interpolation; interpolated between mileposts 329 and 329 (gap 0 mi),manual-review,anchor gap based; capped at medium by design,"CO-LOCATED: identical point to pending anchor of listing 76f653aa-907b-4800-865a-1dd03003185a — confirm distinct businesses at this exit; shares proposed point with candidate(s) 22ab6bbc-2890-4b91-bb54-c04c6dd80a89, 245d9e0f-cb95-461e-822a-e458c03212ed, 2c075ea6-0ffe-4f08-8bcc-9d0a027c1ff3, 58ed9375-a7ad-4139-95ec-8c928564778c, 713ec7f7-b945-4cab-8cda-063d5d117e1b, e46dde1f-f966-449f-8017-0b5956c8a8e9",high,exact-exit anchor: census-pending-approval
5a49d5db-8dcd-4ad8-b10a-b4c6dcacf3a4,Speedway #3547,truck-stops,7837 East Lincoln Highway,Beaverdam,OH,45808,,,40.833061,-83.965796,medium,,mile-marker interpolation; interpolated between mileposts 135 and 135 (gap 0 mi),manual-review,anchor gap based; capped at medium by design,"CO-LOCATED: identical point to pending anchor of listing 0ecffefe-7964-4da6-9052-c230adc0a249 — confirm distinct businesses at this exit; shares proposed point with candidate(s) 8edd2af2-0264-4f08-aa18-6eb37b42e1c1, b60e869c-5742-40c5-b837-efc9577a6153",high,exact-exit anchor: census-pending-approval
5c78823e-ad8c-4072-a019-f167a2846019,CAT Scale (at Flying J Travel Center #656),cat-scales,82 White St,Whiteland,IN,46184,,,39.549787,-86.095809,medium,,mile-marker interpolation; interpolated between mileposts 95 and 95 (gap 0 mi),manual-review,anchor gap based; capped at medium by design,"CO-LOCATED: identical point to pending anchor of listing 1822b81f-648c-4711-a265-fe1800ccb423 — confirm distinct businesses at this exit; shares proposed point with candidate(s) 1dac7271-b06e-47a7-9845-3ea235276d79, 34933f4a-2f1f-46aa-ae03-e94c7050a0a3, 65d7a9c2-d5e3-4bcc-8cdc-4b20bcbf2fc8",high,exact-exit anchor: census-pending-approval
5e324390-1d0f-44c0-a290-adba7b6310fe,Shippers' Choice Truck Driving School - Petersburg,cdl-schools,,Petersburg,VA,23805,,,37.201556,-77.379277,medium,,mile-marker interpolation; interpolated between mileposts 52 and 52 (gap 0 mi),manual-review,anchor gap based; capped at medium by design,"CO-LOCATED: identical point to pending anchor of listing 724d82b8-ca51-4b99-989f-9caa92eccc5c — confirm distinct businesses at this exit; shares proposed point with candidate(s) 837b89e1-93fb-456c-9c38-ec7e3f0a8cef, c6dca596-3afa-47c7-8ece-e1c653234879",high,exact-exit anchor: census-pending-approval
5ea6edb7-8a31-4b40-a59a-aac43a2f9d9c,"Truck Parking Club property - 1420 TN-96, Fairview",parking,1420 Highway 96,Fairview,TN,,,,36.027950,-87.181373,medium,,mile-marker interpolation; interpolated between mileposts 182 and 182 (gap 0 mi),manual-review,anchor gap based; capped at medium by design,CO-LOCATED: identical point to pending anchor of listing 5dc09f81-e5df-4022-8248-8fe8e0df8305 — confirm distinct businesses at this exit,high,exact-exit anchor: census-pending-approval
5f922ea7-ad01-4fff-aa2e-33a9d2cf1177,Love's Travel Stop #330,truck-stops,110 Fast Ln,Baxter,TN,38544,,,36.149397,-85.608957,low,,mile-marker interpolation; interpolated between mileposts 258 and 287 (gap 29 mi),manual-review,anchor gap based; capped at medium by design,"shares proposed point with candidate(s) 86f3090a-0f4e-4103-a7c5-befcbd96aa85, d7669ede-a1d0-4fc9-9bd7-ab2fc25db55e",normal,lower: census-pending-approval; upper: census-pending-approval
5ff985fa-b430-487b-8217-485a94e97d7d,CAT Scale at Petro Stopping Center #326,cat-scales,3205 Valentine Rd,North Little Rock,AR,72117,,,34.823607,-92.096193,medium,,mile-marker interpolation; interpolated between mileposts 161 and 161 (gap 0 mi),manual-review,anchor gap based; capped at medium by design,"CO-LOCATED: identical point to pending anchor of listing 0590d8cb-a505-4dfe-bdd6-5ce120d04412 — confirm distinct businesses at this exit; shares proposed point with candidate(s) 03c39975-0f38-4f41-97e7-d50d95b9edf0, 683aa9c6-51fa-479d-8042-b597b0bf2958, 740eb2a8-11f4-417c-b100-55913cdad7bb, 7eaa790a-ef79-4337-8268-12328f968bfb, 930d8058-2612-4312-99fe-c80cc9d03e11, d33bd5af-db05-4f0b-a829-7db826c27a96, ea928447-ab0f-46a4-9d40-916a91f2ffa2",high,exact-exit anchor: census-pending-approval
603f66e7-ab68-4307-908f-1d1d6ca2d69a,Truck Parking Club - 1712 Germantown Rd (Middletown),parking,1712 Germantown Road,Middletown,OH,45042,,,39.528905,-84.378620,medium,,mile-marker interpolation; interpolated between mileposts 32 and 32 (gap 0 mi),manual-review,anchor gap based; capped at medium by design,CO-LOCATED: identical point to pending anchor of listing d243ac8c-5b16-4d91-b0be-38e63fc99da2 — confirm distinct businesses at this exit,high,exact-exit anchor: census-pending-approval
64c31cfc-87b8-41a8-a05f-fd70a50df17c,CAT Scale at Pilot Port Wentworth (#71),cat-scales,7001 GA-21,Port Wentworth,GA,31407,,,32.136182,-81.167818,medium,,mile-marker interpolation; interpolated between mileposts 109 and 109 (gap 0 mi),manual-review,anchor gap based; capped at medium by design,"CO-LOCATED: identical point to pending anchor of listing 4e347a10-336f-40d4-9ef0-e48a91eca38a — confirm distinct businesses at this exit; shares proposed point with candidate(s) ac82ce7a-885f-485b-b1f6-b7072af48ca8, da315672-4e7f-4389-a555-4e4b7aa1d94a",high,exact-exit anchor: census-pending-approval
64df8068-a463-497f-8070-1b0e238de908,Morgan Shell Truck Stop,truck-stops,20515 Hwy 365 N,North Little Rock,AR,,,,34.886715,-92.374801,medium,,mile-marker interpolation; interpolated between mileposts 142 and 142 (gap 0 mi),manual-review,anchor gap based; capped at medium by design,CO-LOCATED: identical point to pending anchor of listing 5708f6be-07ee-4cde-8568-47b94d8cb9ca — confirm distinct businesses at this exit,high,exact-exit anchor: census-pending-approval
65d7a9c2-d5e3-4bcc-8cdc-4b20bcbf2fc8,Blue Beacon Truck Wash of Whiteland,truck-washes,142 White St,Whiteland,IN,46184,,,39.549787,-86.095809,medium,,mile-marker interpolation; interpolated between mileposts 95 and 95 (gap 0 mi),manual-review,anchor gap based; capped at medium by design,"CO-LOCATED: identical point to pending anchor of listing 1822b81f-648c-4711-a265-fe1800ccb423 — confirm distinct businesses at this exit; shares proposed point with candidate(s) 1dac7271-b06e-47a7-9845-3ea235276d79, 34933f4a-2f1f-46aa-ae03-e94c7050a0a3, 5c78823e-ad8c-4072-a019-f167a2846019",high,exact-exit anchor: census-pending-approval
683aa9c6-51fa-479d-8042-b597b0bf2958,CAT Scale at Pilot Travel Center #332,cat-scales,3300 Highway 391 N,North Little Rock,AR,72117,,,34.823607,-92.096193,medium,,mile-marker interpolation; interpolated between mileposts 161 and 161 (gap 0 mi),manual-review,anchor gap based; capped at medium by design,"CO-LOCATED: identical point to pending anchor of listing 0590d8cb-a505-4dfe-bdd6-5ce120d04412 — confirm distinct businesses at this exit; shares proposed point with candidate(s) 03c39975-0f38-4f41-97e7-d50d95b9edf0, 5ff985fa-b430-487b-8217-485a94e97d7d, 740eb2a8-11f4-417c-b100-55913cdad7bb, 7eaa790a-ef79-4337-8268-12328f968bfb, 930d8058-2612-4312-99fe-c80cc9d03e11, d33bd5af-db05-4f0b-a829-7db826c27a96, ea928447-ab0f-46a4-9d40-916a91f2ffa2",high,exact-exit anchor: census-pending-approval
6df1efd9-c205-446d-a485-6e7aa43e3762,Motel 6 North Little Rock,hotels-truck-parking,400 West 29th St,North Little Rock,AR,72114,,,34.850179,-92.213502,low,,mile-marker interpolation; interpolated between mileposts 142 and 161 (gap 19 mi),manual-review,anchor gap based; capped at medium by design,,normal,lower: census-pending-approval; upper: census-pending-approval
713ec7f7-b945-4cab-8cda-063d5d117e1b,TA Truck Service - Wildwood,tire-repair,556 E State Road 44,Wildwood,FL,34785,,,28.874211,-82.094981,medium,,mile-marker interpolation; interpolated between mileposts 329 and 329 (gap 0 mi),manual-review,anchor gap based; capped at medium by design,"CO-LOCATED: identical point to pending anchor of listing 76f653aa-907b-4800-865a-1dd03003185a — confirm distinct businesses at this exit; shares proposed point with candidate(s) 22ab6bbc-2890-4b91-bb54-c04c6dd80a89, 245d9e0f-cb95-461e-822a-e458c03212ed, 2c075ea6-0ffe-4f08-8bcc-9d0a027c1ff3, 58ed9375-a7ad-4139-95ec-8c928564778c, 5992321e-fdc0-44b7-81ba-b85a783e5d24, e46dde1f-f966-449f-8017-0b5956c8a8e9",high,exact-exit anchor: census-pending-approval
73920f3a-b274-4027-bd03-02dc00c5e3b2,Holiday Inn Express & Suites Findlay North,hotels-truck-parking,1920 Express Way,Findlay,OH,45840,,,41.059724,-83.661897,medium,,mile-marker interpolation; interpolated between mileposts 159 and 159 (gap 0 mi),manual-review,anchor gap based; capped at medium by design,CO-LOCATED: identical point to pending anchor of listing 261a3522-4245-43c2-98c9-31a3856a7650 — confirm distinct businesses at this exit,high,exact-exit anchor: census-pending-approval
73fe0660-9015-47b0-8a05-d0a5dc71160a,2020 Truck and Trailer Repair,tire-repair,,Fredericksburg,VA,22405,,,38.279626,-77.446149,medium,,mile-marker interpolation; interpolated between mileposts 133 and 133 (gap 0 mi),manual-review,anchor gap based; capped at medium by design,CO-LOCATED: identical point to pending anchor of listing 71e6cb4a-6c13-4f87-9686-92e6044703a0 — confirm distinct businesses at this exit,high,exact-exit anchor: census-pending-approval
740eb2a8-11f4-417c-b100-55913cdad7bb,Southern Tire Mart #335,tire-repair,12100 Valentine Rd,North Little Rock,AR,72117,,,34.823607,-92.096193,medium,,mile-marker interpolation; interpolated between mileposts 161 and 161 (gap 0 mi),manual-review,anchor gap based; capped at medium by design,"CO-LOCATED: identical point to pending anchor of listing 0590d8cb-a505-4dfe-bdd6-5ce120d04412 — confirm distinct businesses at this exit; shares proposed point with candidate(s) 03c39975-0f38-4f41-97e7-d50d95b9edf0, 5ff985fa-b430-487b-8217-485a94e97d7d, 683aa9c6-51fa-479d-8042-b597b0bf2958, 7eaa790a-ef79-4337-8268-12328f968bfb, 930d8058-2612-4312-99fe-c80cc9d03e11, d33bd5af-db05-4f0b-a829-7db826c27a96, ea928447-ab0f-46a4-9d40-916a91f2ffa2",high,exact-exit anchor: census-pending-approval
7429a8d9-ab7c-4563-be9c-c66b0b19efc4,Lockup Storage - Truck & Trailer Parking,parking,7507 US-31,Sellersburg,IN,47172,,,38.371951,-85.758429,medium,,mile-marker interpolation; interpolated between mileposts 7 and 7 (gap 0 mi),manual-review,anchor gap based; capped at medium by design,"CO-LOCATED: identical point to pending anchor of listing 41310565-f89e-49e0-9596-d17a218a165b — confirm distinct businesses at this exit; shares proposed point with candidate(s) 31a18b65-6475-4880-9203-f8d44505a815, 52615e2d-bbbe-45e7-8acc-4e95824179c8, 77cae36c-db9c-4cbf-832a-dbfbb384389b, ff14e2af-f0a7-4e65-a341-c15aab36fe6e",high,exact-exit anchor: census-pending-approval
76e36705-8140-4902-8922-1ae83351ce7a,Love's Travel Stop #874,truck-stops,2400 E 200 N,Lafayette,IN,47905,,,40.463561,-86.842053,medium,,mile-marker interpolation; interpolated between mileposts 168 and 178 (gap 10 mi),manual-review,anchor gap based; capped at medium by design,"shares proposed point with candidate(s) 98192ea9-07b8-41aa-8b7d-82a96752bd04, ded68cd3-cdaa-4af2-9cbd-df5f6aaf354c",high,lower: census-pending-approval; upper: census-pending-approval
773a8400-7000-4901-b31c-6f83dda77af6,Alpha Dawg Diesel Truck & Trailer Repair,roadside-service,1001 Baker Drive,Monroe,OH,45050,,,39.483744,-84.387764,low,,mile-marker interpolation; interpolated between mileposts 15 and 32 (gap 17 mi),manual-review,anchor gap based; capped at medium by design,"shares proposed point with candidate(s) 88da4d5c-2816-4329-947d-6a77e584c45d, ddf043af-973d-478c-b539-d5e22cd93b5b, ef9a0053-4768-456f-a747-0e383547a97a",normal,lower: census-pending-approval; upper: census-pending-approval
77cae36c-db9c-4cbf-832a-dbfbb384389b,CAT Scale at Pro Stop (Sellersburg),cat-scales,1503 Avco Blvd,Sellersburg,IN,47172,,,38.371951,-85.758429,medium,,mile-marker interpolation; interpolated between mileposts 7 and 7 (gap 0 mi),manual-review,anchor gap based; capped at medium by design,"CO-LOCATED: identical point to pending anchor of listing 41310565-f89e-49e0-9596-d17a218a165b — confirm distinct businesses at this exit; shares proposed point with candidate(s) 31a18b65-6475-4880-9203-f8d44505a815, 52615e2d-bbbe-45e7-8acc-4e95824179c8, 7429a8d9-ab7c-4563-be9c-c66b0b19efc4, ff14e2af-f0a7-4e65-a341-c15aab36fe6e",high,exact-exit anchor: census-pending-approval
7b969fa7-19c1-4bd2-b0c5-9663b9007464,Love's Travel Stop #308,truck-stops,3308 Hwy 226 S,Marion,NC,28752,,,35.649545,-81.971510,medium,,mile-marker interpolation; interpolated between mileposts 85 and 90 (gap 5 mi),manual-review,anchor gap based; capped at medium by design,shares proposed point with candidate(s) cabfc0a1-1c23-4475-8fce-1e7f0322d438,high,lower: census-pending-approval; upper: census-pending-approval
7d43f079-09a4-4f73-a484-93682b5e28aa,Pilot Travel Center #429,truck-stops,1100 Martin Luther King Jr Dr,West Memphis,AR,72301,,,35.153546,-90.135534,medium,,mile-marker interpolation; interpolated between mileposts 280 and 280 (gap 0 mi),manual-review,anchor gap based; capped at medium by design,"CO-LOCATED: identical point to pending anchor of listing 065b431c-e56b-493b-a68a-b9ba7e309d23 — confirm distinct businesses at this exit; shares proposed point with candidate(s) 32e1f8ab-7b2c-425d-b046-bf14bd3e1a0a, 394f5b7a-2970-453b-91d4-fc87c30a51a0, 85185773-3082-49d5-b2f0-74135faedfe7, d6bd039a-db3c-449a-a77d-a8c9d46fb7af",high,exact-exit anchor: census-pending-approval
7eaa790a-ef79-4337-8268-12328f968bfb,TA Truck Service #326 (at Petro N. Little Rock),roadside-service,3205 Valentine Rd,North Little Rock,AR,72117,,,34.823607,-92.096193,medium,,mile-marker interpolation; interpolated between mileposts 161 and 161 (gap 0 mi),manual-review,anchor gap based; capped at medium by design,"CO-LOCATED: identical point to pending anchor of listing 0590d8cb-a505-4dfe-bdd6-5ce120d04412 — confirm distinct businesses at this exit; shares proposed point with candidate(s) 03c39975-0f38-4f41-97e7-d50d95b9edf0, 5ff985fa-b430-487b-8217-485a94e97d7d, 683aa9c6-51fa-479d-8042-b597b0bf2958, 740eb2a8-11f4-417c-b100-55913cdad7bb, 930d8058-2612-4312-99fe-c80cc9d03e11, d33bd5af-db05-4f0b-a829-7db826c27a96, ea928447-ab0f-46a4-9d40-916a91f2ffa2",high,exact-exit anchor: census-pending-approval
813c39be-1860-413a-8aaf-86ca8b26e8a3,Super 8 by Wyndham Ocala I-75,hotels-truck-parking,3924 W Silver Springs Blvd,Ocala,FL,34482,,,29.181785,-82.180296,low,,mile-marker interpolation; interpolated between mileposts 341 and 358 (gap 17 mi),manual-review,anchor gap based; capped at medium by design,,normal,lower: census-pending-approval; upper: census-pending-approval
837b89e1-93fb-456c-9c38-ec7e3f0a8cef,Tri-City Wrecker & Auto Repair,roadside-service,,Petersburg,VA,23805,,,37.201556,-77.379277,medium,,mile-marker interpolation; interpolated between mileposts 52 and 52 (gap 0 mi),manual-review,anchor gap based; capped at medium by design,"CO-LOCATED: identical point to pending anchor of listing 724d82b8-ca51-4b99-989f-9caa92eccc5c — confirm distinct businesses at this exit; shares proposed point with candidate(s) 5e324390-1d0f-44c0-a290-adba7b6310fe, c6dca596-3afa-47c7-8ece-e1c653234879",high,exact-exit anchor: census-pending-approval
85185773-3082-49d5-b2f0-74135faedfe7,CAT Scale at Pilot Travel Center #429,cat-scales,1100 Martin Luther King Jr Dr,West Memphis,AR,72301,,,35.153546,-90.135534,medium,,mile-marker interpolation; interpolated between mileposts 280 and 280 (gap 0 mi),manual-review,anchor gap based; capped at medium by design,"CO-LOCATED: identical point to pending anchor of listing 065b431c-e56b-493b-a68a-b9ba7e309d23 — confirm distinct businesses at this exit; shares proposed point with candidate(s) 32e1f8ab-7b2c-425d-b046-bf14bd3e1a0a, 394f5b7a-2970-453b-91d4-fc87c30a51a0, 7d43f079-09a4-4f73-a484-93682b5e28aa, d6bd039a-db3c-449a-a77d-a8c9d46fb7af",high,exact-exit anchor: census-pending-approval
86f3090a-0f4e-4103-a7c5-befcbd96aa85,Love's Truck Care - Baxter,tire-repair,110 Fast Ln,Baxter,TN,38544,,,36.149397,-85.608957,low,,mile-marker interpolation; interpolated between mileposts 258 and 287 (gap 29 mi),manual-review,anchor gap based; capped at medium by design,"shares proposed point with candidate(s) 5f922ea7-ad01-4fff-aa2e-33a9d2cf1177, d7669ede-a1d0-4fc9-9bd7-ab2fc25db55e",normal,lower: census-pending-approval; upper: census-pending-approval
88da4d5c-2816-4329-947d-6a77e584c45d,"CAT Scale — Pilot Travel Center #231, Monroe",cat-scales,,Monroe,OH,,,,39.483744,-84.387764,low,,mile-marker interpolation; interpolated between mileposts 15 and 32 (gap 17 mi),manual-review,anchor gap based; capped at medium by design,"shares proposed point with candidate(s) 773a8400-7000-4901-b31c-6f83dda77af6, ddf043af-973d-478c-b539-d5e22cd93b5b, ef9a0053-4768-456f-a747-0e383547a97a",normal,lower: census-pending-approval; upper: census-pending-approval
8edd2af2-0264-4f08-aa18-6eb37b42e1c1,"Speedco - Love's Travel Stop #905, Beaverdam",tire-repair,416 Village Avenue,Beaverdam,OH,45808,,,40.833061,-83.965796,medium,,mile-marker interpolation; interpolated between mileposts 135 and 135 (gap 0 mi),manual-review,anchor gap based; capped at medium by design,"CO-LOCATED: identical point to pending anchor of listing 0ecffefe-7964-4da6-9052-c230adc0a249 — confirm distinct businesses at this exit; shares proposed point with candidate(s) 5a49d5db-8dcd-4ad8-b10a-b4c6dcacf3a4, b60e869c-5742-40c5-b837-efc9577a6153",high,exact-exit anchor: census-pending-approval
8efeac67-b7ef-4e1b-8f82-977316b3137a,Simmons Travel Plaza,truck-stops,1589 Skippers Rd,Emporia,VA,23847,,,36.662219,-77.556190,medium,,mile-marker interpolation; interpolated between mileposts 4 and 11 (gap 7 mi),manual-review,anchor gap based; capped at medium by design,shares proposed point with candidate(s) 3330b910-184f-4852-a021-4653260d8e46,high,lower: census-pending-approval; upper: census-pending-approval
930d8058-2612-4312-99fe-c80cc9d03e11,Pilot Travel Center #332,truck-stops,3300 Highway 391 N,North Little Rock,AR,72117,,,34.823607,-92.096193,medium,,mile-marker interpolation; interpolated between mileposts 161 and 161 (gap 0 mi),manual-review,anchor gap based; capped at medium by design,"CO-LOCATED: identical point to pending anchor of listing 0590d8cb-a505-4dfe-bdd6-5ce120d04412 — confirm distinct businesses at this exit; shares proposed point with candidate(s) 03c39975-0f38-4f41-97e7-d50d95b9edf0, 5ff985fa-b430-487b-8217-485a94e97d7d, 683aa9c6-51fa-479d-8042-b597b0bf2958, 740eb2a8-11f4-417c-b100-55913cdad7bb, 7eaa790a-ef79-4337-8268-12328f968bfb, d33bd5af-db05-4f0b-a829-7db826c27a96, ea928447-ab0f-46a4-9d40-916a91f2ffa2",high,exact-exit anchor: census-pending-approval
9691fa24-7dec-48e1-83f0-6c8549f85d40,CAT Scale at Pilot Fort Pierce,cat-scales,7300 Okeechobee Rd,Fort Pierce,FL,34945,,,27.413135,-80.397626,medium,,mile-marker interpolation; interpolated between mileposts 129 and 129 (gap 0 mi),manual-review,anchor gap based; capped at medium by design,CO-LOCATED: identical point to pending anchor of listing 3cbba395-9805-41ca-91c5-2a171aebab14 — confirm distinct businesses at this exit; shares proposed point with candidate(s) e5c73805-b895-443e-ad46-5b33992106d6,high,exact-exit anchor: census-pending-approval
97fcf610-ee57-4801-ab8f-87af7945076d,CAT Scale at TA Whitestown,cat-scales,5930 E State Road 334,Whitestown,IN,46075,,,39.989770,-86.374869,medium,,mile-marker interpolation; interpolated between mileposts 130 and 130 (gap 0 mi),manual-review,anchor gap based; capped at medium by design,"CO-LOCATED: identical point to pending anchor of listing efa068e0-042c-4242-a821-08949d2486c2 — confirm distinct businesses at this exit; shares proposed point with candidate(s) 0fd1e82b-0a8e-410b-9af9-8787d6ab89b8, a8c59dd9-a02e-41d1-b843-850c5fa78b43",high,exact-exit anchor: census-pending-approval
98192ea9-07b8-41aa-8b7d-82a96752bd04,CAT Scale at Love's Lafayette #874,cat-scales,2400 E 200 N,Lafayette,IN,47905,,,40.463561,-86.842053,medium,,mile-marker interpolation; interpolated between mileposts 168 and 178 (gap 10 mi),manual-review,anchor gap based; capped at medium by design,"shares proposed point with candidate(s) 76e36705-8140-4902-8922-1ae83351ce7a, ded68cd3-cdaa-4af2-9cbd-df5f6aaf354c",high,lower: census-pending-approval; upper: census-pending-approval
99e14e2c-5498-4df1-b60b-7ff743aec8ae,Flying J Travel Center #605,truck-stops,42 Bradley Cove Rd,Russellville,AR,72801,,,35.279647,-93.093691,medium,,mile-marker interpolation; interpolated between mileposts 84 and 84 (gap 0 mi),manual-review,anchor gap based; capped at medium by design,CO-LOCATED: identical point to pending anchor of listing 42fe1af3-f619-4058-a721-afb10238dae3 — confirm distinct businesses at this exit; shares proposed point with candidate(s) b139516b-3826-4241-90b1-050b8b83b179,high,exact-exit anchor: census-pending-approval
a10529de-1b68-4339-b067-ecbb6b3e9fd5,Xtreme Towing Parts and Service,roadside-service,,Florence,SC,,,,34.232524,-79.802882,medium,,mile-marker interpolation; interpolated between mileposts 164 and 164 (gap 0 mi),manual-review,anchor gap based; capped at medium by design,CO-LOCATED: identical point to pending anchor of listing 3b130209-e596-4c15-a1fa-522cf7d933bc — confirm distinct businesses at this exit; shares proposed point with candidate(s) d759e929-70d5-47a8-a632-081f53f3a93f,high,exact-exit anchor: census-pending-approval
a1bc2913-40f7-469b-b03b-5ef019d5bb60,Workman's Travel Center - Ozark,truck-stops,3202 Pence Lane,Ozark,AR,72949,,,35.488852,-93.842504,medium,,mile-marker interpolation; interpolated between mileposts 35 and 35 (gap 0 mi),manual-review,anchor gap based; capped at medium by design,CO-LOCATED: identical point to pending anchor of listing 6f8465f7-12d6-48a5-afd8-fb057a1d18fb — confirm distinct businesses at this exit; shares proposed point with candidate(s) b8b8025b-b522-4eb1-90bc-ae35d7023de0,high,exact-exit anchor: census-pending-approval
a27c2657-ae16-45da-9332-c6133d808617,US Gas Truck Stop (Carson),truck-stops,16729 S Crater Rd,Carson,VA,23830,,,37.091205,-77.379089,low,,mile-marker interpolation; interpolated between mileposts 33 and 48 (gap 15 mi),manual-review,anchor gap based; capped at medium by design,,normal,lower: census-pending-approval; upper: census-pending-approval
a458560a-f2f2-4149-b476-a63e7a260094,Pilot Travel Center #24,truck-stops,,(I-75 Exit 15 area),OH,,,,39.272994,-84.430434,medium,,mile-marker interpolation; interpolated between mileposts 15 and 15 (gap 0 mi),manual-review,anchor gap based; capped at medium by design,CO-LOCATED: identical point to pending anchor of listing 9acc0450-cc55-4324-92b7-85d68f4e4b0b — confirm distinct businesses at this exit; shares proposed point with candidate(s) 4b60c1b7-624c-4541-8466-0844e9e0369e,high,exact-exit anchor: census-pending-approval
a7039d72-37d9-4b9d-aa5b-084491f3a2f6,Super 8 by Wyndham Jackson,hotels-truck-parking,1940 Highway 45 Bypass,Jackson,TN,38305,,,35.676137,-88.752274,medium,,mile-marker interpolation; interpolated between mileposts 80 and 80 (gap 0 mi),manual-review,anchor gap based; capped at medium by design,CO-LOCATED: identical point to pending anchor of listing a57598de-7650-40f5-a6c7-57697b006955 — confirm distinct businesses at this exit,high,exact-exit anchor: census-pending-approval
a7dbd110-935e-4a13-ba6f-0596c4c20676,Sheetz #672 (Woodford/Thornburg),truck-stops,,Woodford,VA,22580,,,38.112646,-77.487902,low,,mile-marker interpolation; interpolated between mileposts 104 and 130 (gap 26 mi),manual-review,anchor gap based; capped at medium by design,shares proposed point with candidate(s) af0c8334-1b41-4f45-a2ed-8969463fb763,normal,lower: census-pending-approval; upper: census-pending-approval
a8c59dd9-a02e-41d1-b843-850c5fa78b43,TA Truck Service - Whitestown,roadside-service,5930 E State Road 334,Whitestown,IN,46075,,,39.989770,-86.374869,medium,,mile-marker interpolation; interpolated between mileposts 130 and 130 (gap 0 mi),manual-review,anchor gap based; capped at medium by design,"CO-LOCATED: identical point to pending anchor of listing efa068e0-042c-4242-a821-08949d2486c2 — confirm distinct businesses at this exit; shares proposed point with candidate(s) 0fd1e82b-0a8e-410b-9af9-8787d6ab89b8, 97fcf610-ee57-4801-ab8f-87af7945076d",high,exact-exit anchor: census-pending-approval
aa897b1d-e1de-4ff0-8ae6-45d82b3077c7,CAT Scale at Dolly's Tennessean Travel Stop,cat-scales,3686 Pulaski Highway,Cornersville,TN,37047,,,35.304676,-86.884102,medium,,mile-marker interpolation; interpolated between mileposts 22 and 22 (gap 0 mi),manual-review,anchor gap based; capped at medium by design,CO-LOCATED: identical point to pending anchor of listing 07d998a5-79fa-4b95-b63f-7bbeb29ca62e — confirm distinct businesses at this exit; shares proposed point with candidate(s) 4afcec75-e167-44b6-bf5b-3219086c047e,high,exact-exit anchor: census-pending-approval
ac82ce7a-885f-485b-b1f6-b7072af48ca8,Southern Tire Mart at Pilot - Port Wentworth,tire-repair,7001 GA-21,Port Wentworth,GA,31407,,,32.136182,-81.167818,medium,,mile-marker interpolation; interpolated between mileposts 109 and 109 (gap 0 mi),manual-review,anchor gap based; capped at medium by design,"CO-LOCATED: identical point to pending anchor of listing 4e347a10-336f-40d4-9ef0-e48a91eca38a — confirm distinct businesses at this exit; shares proposed point with candidate(s) 64c31cfc-87b8-41a8-a05f-fd70a50df17c, da315672-4e7f-4389-a555-4e4b7aa1d94a",high,exact-exit anchor: census-pending-approval
af0c8334-1b41-4f45-a2ed-8969463fb763,CDS Tractor Trailer Training (Fredericksburg),cdl-schools,,Thornburg,VA,22565,,,38.112646,-77.487902,low,,mile-marker interpolation; interpolated between mileposts 104 and 130 (gap 26 mi),manual-review,anchor gap based; capped at medium by design,shares proposed point with candidate(s) a7dbd110-935e-4a13-ba6f-0596c4c20676,normal,lower: census-pending-approval; upper: census-pending-approval
b139516b-3826-4241-90b1-050b8b83b179,CAT Scale at Flying J Travel Center #605,cat-scales,42 Bradley Cove Rd,Russellville,AR,72801,,,35.279647,-93.093691,medium,,mile-marker interpolation; interpolated between mileposts 84 and 84 (gap 0 mi),manual-review,anchor gap based; capped at medium by design,CO-LOCATED: identical point to pending anchor of listing 42fe1af3-f619-4058-a721-afb10238dae3 — confirm distinct businesses at this exit; shares proposed point with candidate(s) 99e14e2c-5498-4df1-b60b-7ff743aec8ae,high,exact-exit anchor: census-pending-approval
b1514239-fa54-4699-9b65-609e0283b1cb,US Fuel Mart / Interstate Truck Stop,truck-stops,2185 Grant Rd,Portage,OH,,,,41.186626,-83.643855,low,,mile-marker interpolation; interpolated between mileposts 167 and 195 (gap 28 mi),manual-review,anchor gap based; capped at medium by design,,normal,lower: census-pending-approval; upper: census-pending-approval
b23b7bb8-2aab-4205-bdd6-173a12dd5b3e,Noble's Restaurant and Truck Stop,truck-stops,1065 Owenton Rd,Corinth,KY,41010,,,38.485369,-84.581558,low,,mile-marker interpolation; interpolated between mileposts 136 and 159 (gap 23 mi),manual-review,anchor gap based; capped at medium by design,,normal,lower: census-pending-approval; upper: census-pending-approval
b60e869c-5742-40c5-b837-efc9577a6153,Love's Travel Stop #905,truck-stops,416 Village Avenue,Beaverdam,OH,45808,,,40.833061,-83.965796,medium,,mile-marker interpolation; interpolated between mileposts 135 and 135 (gap 0 mi),manual-review,anchor gap based; capped at medium by design,"CO-LOCATED: identical point to pending anchor of listing 0ecffefe-7964-4da6-9052-c230adc0a249 — confirm distinct businesses at this exit; shares proposed point with candidate(s) 5a49d5db-8dcd-4ad8-b10a-b4c6dcacf3a4, 8edd2af2-0264-4f08-aa18-6eb37b42e1c1",high,exact-exit anchor: census-pending-approval
b8b8025b-b522-4eb1-90bc-ae35d7023de0,CAT Scale at Workman's Travel Center,cat-scales,3202 Pence Lane,Ozark,AR,72949,,,35.488852,-93.842504,medium,,mile-marker interpolation; interpolated between mileposts 35 and 35 (gap 0 mi),manual-review,anchor gap based; capped at medium by design,CO-LOCATED: identical point to pending anchor of listing 6f8465f7-12d6-48a5-afd8-fb057a1d18fb — confirm distinct businesses at this exit; shares proposed point with candidate(s) a1bc2913-40f7-469b-b03b-5ef019d5bb60,high,exact-exit anchor: census-pending-approval
b92f4315-9237-42fc-ba92-71c2e383e7cc,CAT Scale at Love's #368,cat-scales,300 Arby Dr,Clanton,AL,35045,,,32.841523,-86.601370,low,,mile-marker interpolation; interpolated between mileposts 200 and 219 (gap 19 mi),manual-review,anchor gap based; capped at medium by design,"shares proposed point with candidate(s) 08e36b89-6dee-438f-bd37-edf4a6eab784, 21dc37d4-6706-44d4-8dee-b871cdce17d4",normal,lower: census-pending-approval; upper: census-pending-approval
bb1157b5-7938-4625-b424-393303bcc31e,Days Inn by Wyndham Alma,hotels-truck-parking,250 N US Highway 71,Alma,AR,72921,,,35.472778,-94.252061,medium,,mile-marker interpolation; interpolated between mileposts 13 and 13 (gap 0 mi),manual-review,anchor gap based; capped at medium by design,CO-LOCATED: identical point to pending anchor of listing 587b9f17-2d09-4a6b-90c2-0ed467f935f9 — confirm distinct businesses at this exit,high,exact-exit anchor: census-pending-approval
bbe85dec-152f-460c-a888-a1eb45ba5af7,"CAT Scale — Love's Travel Stop #645, Frenchtown (Monroe)",cat-scales,1609 Nadeau Rd,Frenchtown,MI,48161,,,41.962804,-83.344150,low,,mile-marker interpolation; interpolated between mileposts 15 and 32 (gap 17 mi),manual-review,anchor gap based; capped at medium by design,shares proposed point with candidate(s) 146b8332-2938-43e7-ab80-e6069aee6443,normal,lower: census-pending-approval; upper: census-pending-approval
c318488f-fe10-471f-afb2-407f771beb82,"CAT Scale — Pilot Travel Center #284, West Chester",cat-scales,,West Chester,OH,,,,39.318155,-84.421290,low,,mile-marker interpolation; interpolated between mileposts 15 and 32 (gap 17 mi),manual-review,anchor gap based; capped at medium by design,,normal,lower: census-pending-approval; upper: census-pending-approval
c6dca596-3afa-47c7-8ece-e1c653234879,Jinks Motor Carriers Heavy Towing & Recovery,roadside-service,,Petersburg,VA,23805,,,37.201556,-77.379277,medium,,mile-marker interpolation; interpolated between mileposts 52 and 52 (gap 0 mi),manual-review,anchor gap based; capped at medium by design,"CO-LOCATED: identical point to pending anchor of listing 724d82b8-ca51-4b99-989f-9caa92eccc5c — confirm distinct businesses at this exit; shares proposed point with candidate(s) 5e324390-1d0f-44c0-a290-adba7b6310fe, 837b89e1-93fb-456c-9c38-ec7e3f0a8cef",high,exact-exit anchor: census-pending-approval
cabfc0a1-1c23-4475-8fce-1e7f0322d438,CAT Scale at Love's Travel Stop #308,cat-scales,3308 Hwy 226 S,Marion,NC,28752,,,35.649545,-81.971510,medium,,mile-marker interpolation; interpolated between mileposts 85 and 90 (gap 5 mi),manual-review,anchor gap based; capped at medium by design,shares proposed point with candidate(s) 7b969fa7-19c1-4bd2-b0c5-9663b9007464,high,lower: census-pending-approval; upper: census-pending-approval
d0b37299-61ff-49e7-bcc9-46d9ce6616ab,Michigan Weigh Station - I-75 Southbound (Birch Run),weigh-stations,,Birch Run,MI,,,,43.250237,-83.778811,medium,,mile-marker interpolation; interpolated between mileposts 136 and 136 (gap 0 mi),manual-review,anchor gap based; capped at medium by design,CO-LOCATED: identical point to pending anchor of listing 485085d9-98c6-4e88-9661-862c3bc0c514 — confirm distinct businesses at this exit; shares proposed point with candidate(s) 17cb6c79-6277-4649-8ed0-b39aaecd96bd,high,exact-exit anchor: census-pending-approval
d33bd5af-db05-4f0b-a829-7db826c27a96,Love's Travel Stop #236,truck-stops,11801 E I-40 (Galloway Rd),North Little Rock,AR,72117,,,34.823607,-92.096193,medium,,mile-marker interpolation; interpolated between mileposts 161 and 161 (gap 0 mi),manual-review,anchor gap based; capped at medium by design,"CO-LOCATED: identical point to pending anchor of listing 0590d8cb-a505-4dfe-bdd6-5ce120d04412 — confirm distinct businesses at this exit; shares proposed point with candidate(s) 03c39975-0f38-4f41-97e7-d50d95b9edf0, 5ff985fa-b430-487b-8217-485a94e97d7d, 683aa9c6-51fa-479d-8042-b597b0bf2958, 740eb2a8-11f4-417c-b100-55913cdad7bb, 7eaa790a-ef79-4337-8268-12328f968bfb, 930d8058-2612-4312-99fe-c80cc9d03e11, ea928447-ab0f-46a4-9d40-916a91f2ffa2",high,exact-exit anchor: census-pending-approval
d6bd039a-db3c-449a-a77d-a8c9d46fb7af,Southern Tire Mart at Pilot Flying J,tire-repair,3400 Service Loop Rd,West Memphis,AR,72301,,,35.153546,-90.135534,medium,,mile-marker interpolation; interpolated between mileposts 280 and 280 (gap 0 mi),manual-review,anchor gap based; capped at medium by design,"CO-LOCATED: identical point to pending anchor of listing 065b431c-e56b-493b-a68a-b9ba7e309d23 — confirm distinct businesses at this exit; shares proposed point with candidate(s) 32e1f8ab-7b2c-425d-b046-bf14bd3e1a0a, 394f5b7a-2970-453b-91d4-fc87c30a51a0, 7d43f079-09a4-4f73-a484-93682b5e28aa, 85185773-3082-49d5-b2f0-74135faedfe7",high,exact-exit anchor: census-pending-approval
d759e929-70d5-47a8-a632-081f53f3a93f,Truck Service of Florence,roadside-service,,Florence,SC,,,,34.232524,-79.802882,medium,,mile-marker interpolation; interpolated between mileposts 164 and 164 (gap 0 mi),manual-review,anchor gap based; capped at medium by design,CO-LOCATED: identical point to pending anchor of listing 3b130209-e596-4c15-a1fa-522cf7d933bc — confirm distinct businesses at this exit; shares proposed point with candidate(s) a10529de-1b68-4339-b067-ecbb6b3e9fd5,high,exact-exit anchor: census-pending-approval
d7669ede-a1d0-4fc9-9bd7-ab2fc25db55e,CAT Scale at Love's Travel Stop #330,cat-scales,110 Fast Ln,Baxter,TN,38544,,,36.149397,-85.608957,low,,mile-marker interpolation; interpolated between mileposts 258 and 287 (gap 29 mi),manual-review,anchor gap based; capped at medium by design,"shares proposed point with candidate(s) 5f922ea7-ad01-4fff-aa2e-33a9d2cf1177, 86f3090a-0f4e-4103-a7c5-befcbd96aa85",normal,lower: census-pending-approval; upper: census-pending-approval
d7f9bcc5-6dd2-4bc5-aa45-004414540bf2,Love's Travel Stop #271,truck-stops,2229 N 3rd St,Ozark,AR,72949,,,35.487104,-93.809679,low,,mile-marker interpolation; interpolated between mileposts 35 and 55 (gap 20 mi),manual-review,anchor gap based; capped at medium by design,,normal,lower: census-pending-approval; upper: census-pending-approval
da315672-4e7f-4389-a555-4e4b7aa1d94a,Pilot Travel Center #71,truck-stops,7001 GA-21,Port Wentworth,GA,31407,,,32.136182,-81.167818,medium,,mile-marker interpolation; interpolated between mileposts 109 and 109 (gap 0 mi),manual-review,anchor gap based; capped at medium by design,"CO-LOCATED: identical point to pending anchor of listing 4e347a10-336f-40d4-9ef0-e48a91eca38a — confirm distinct businesses at this exit; shares proposed point with candidate(s) 64c31cfc-87b8-41a8-a05f-fd70a50df17c, ac82ce7a-885f-485b-b1f6-b7072af48ca8",high,exact-exit anchor: census-pending-approval
da698161-6d20-4069-9e12-64db6fb9cf21,Pilot Travel Center #9,truck-stops,6830 Franklin-Lebanon Road,Franklin,OH,45005,,,39.571769,-84.342955,low,,mile-marker interpolation; interpolated between mileposts 32 and 51 (gap 19 mi),manual-review,anchor gap based; capped at medium by design,shares proposed point with candidate(s) 49a23bf0-18cb-4ee8-b3cc-eaf19114f3d3,normal,lower: census-pending-approval; upper: census-pending-approval
ddf043af-973d-478c-b539-d5e22cd93b5b,Stony Ridge Travel Center / Stony Ridge Truck Plaza,truck-stops,1250 Hamilton-Lebanon Road E,Monroe,OH,45050,,,39.483744,-84.387764,low,,mile-marker interpolation; interpolated between mileposts 15 and 32 (gap 17 mi),manual-review,anchor gap based; capped at medium by design,"shares proposed point with candidate(s) 773a8400-7000-4901-b31c-6f83dda77af6, 88da4d5c-2816-4329-947d-6a77e584c45d, ef9a0053-4768-456f-a747-0e383547a97a",normal,lower: census-pending-approval; upper: census-pending-approval
de64c6c1-113f-4ede-a07c-93d02f8f1193,TA Truck Service - Lake City,tire-repair,,Lake City,FL,,,,29.996262,-82.597282,medium,,mile-marker interpolation; interpolated between mileposts 414 and 414 (gap 0 mi),manual-review,anchor gap based; capped at medium by design,CO-LOCATED: identical point to pending anchor of listing 04e8fad7-c564-4879-95ba-91816d3b1074 — confirm distinct businesses at this exit,high,exact-exit anchor: census-pending-approval
ded68cd3-cdaa-4af2-9cbd-df5f6aaf354c,Love's Truck Care (Speedco) at Lafayette #874,tire-repair,2400 E 200 N,Lafayette,IN,47905,,,40.463561,-86.842053,medium,,mile-marker interpolation; interpolated between mileposts 168 and 178 (gap 10 mi),manual-review,anchor gap based; capped at medium by design,"shares proposed point with candidate(s) 76e36705-8140-4902-8922-1ae83351ce7a, 98192ea9-07b8-41aa-8b7d-82a96752bd04",high,lower: census-pending-approval; upper: census-pending-approval
dfc83f1a-51ce-4d8a-a0d4-15b3955ee28d,Circle K (Ringgold Travel Center),truck-stops,11418 Hwy 41,Ringgold,GA,30736,,,34.878097,-85.142280,low,,mile-marker interpolation; interpolated between mileposts 328 and 353 (gap 25 mi),manual-review,anchor gap based; capped at medium by design,,normal,lower: directory-verified; upper: census-pending-approval
e46dde1f-f966-449f-8017-0b5956c8a8e9,Days Inn by Wyndham Wildwood I-75,hotels-truck-parking,,Wildwood,FL,,,,28.874211,-82.094981,medium,,mile-marker interpolation; interpolated between mileposts 329 and 329 (gap 0 mi),manual-review,anchor gap based; capped at medium by design,"CO-LOCATED: identical point to pending anchor of listing 76f653aa-907b-4800-865a-1dd03003185a — confirm distinct businesses at this exit; shares proposed point with candidate(s) 22ab6bbc-2890-4b91-bb54-c04c6dd80a89, 245d9e0f-cb95-461e-822a-e458c03212ed, 2c075ea6-0ffe-4f08-8bcc-9d0a027c1ff3, 58ed9375-a7ad-4139-95ec-8c928564778c, 5992321e-fdc0-44b7-81ba-b85a783e5d24, 713ec7f7-b945-4cab-8cda-063d5d117e1b",high,exact-exit anchor: census-pending-approval
e5c73805-b895-443e-ad46-5b33992106d6,Pilot Travel Center #90,truck-stops,7300 Okeechobee Rd,Fort Pierce,FL,34945,,,27.413135,-80.397626,medium,,mile-marker interpolation; interpolated between mileposts 129 and 129 (gap 0 mi),manual-review,anchor gap based; capped at medium by design,CO-LOCATED: identical point to pending anchor of listing 3cbba395-9805-41ca-91c5-2a171aebab14 — confirm distinct businesses at this exit; shares proposed point with candidate(s) 9691fa24-7dec-48e1-83f0-6c8549f85d40,high,exact-exit anchor: census-pending-approval
e963cb04-0c2f-4b9e-aecf-f914523faefd,Days Inn Carmel Church / Ruther Glen,hotels-truck-parking,,Ruther Glen,VA,22546,,,37.938277,-77.466413,medium,,mile-marker interpolation; interpolated between mileposts 104 and 104 (gap 0 mi),manual-review,anchor gap based; capped at medium by design,CO-LOCATED: identical point to pending anchor of listing 025700b8-af4a-4322-96c1-64fff65ec6b4 — confirm distinct businesses at this exit,high,exact-exit anchor: census-pending-approval
ea928447-ab0f-46a4-9d40-916a91f2ffa2,CAT Scale at Love's Travel Stop #236,cat-scales,11801 E I-40,North Little Rock,AR,72117,,,34.823607,-92.096193,medium,,mile-marker interpolation; interpolated between mileposts 161 and 161 (gap 0 mi),manual-review,anchor gap based; capped at medium by design,"CO-LOCATED: identical point to pending anchor of listing 0590d8cb-a505-4dfe-bdd6-5ce120d04412 — confirm distinct businesses at this exit; shares proposed point with candidate(s) 03c39975-0f38-4f41-97e7-d50d95b9edf0, 5ff985fa-b430-487b-8217-485a94e97d7d, 683aa9c6-51fa-479d-8042-b597b0bf2958, 740eb2a8-11f4-417c-b100-55913cdad7bb, 7eaa790a-ef79-4337-8268-12328f968bfb, 930d8058-2612-4312-99fe-c80cc9d03e11, d33bd5af-db05-4f0b-a829-7db826c27a96",high,exact-exit anchor: census-pending-approval
edec532e-6c37-48e3-938d-064666b181fd,Quality Inn Cullman I-65 Exit 310,hotels-truck-parking,,Cullman,AL,,,,34.200325,-86.872716,low,,mile-marker interpolation; interpolated between mileposts 305 and 334 (gap 29 mi),manual-review,anchor gap based; capped at medium by design,shares proposed point with candidate(s) 1ea6395c-a3b6-45ea-8e77-44eeca7f1ef6,normal,lower: census-pending-approval; upper: census-pending-approval
ef9a0053-4768-456f-a747-0e383547a97a,Speedway #9383,truck-stops,,Monroe,OH,45050,,,39.483744,-84.387764,low,,mile-marker interpolation; interpolated between mileposts 15 and 32 (gap 17 mi),manual-review,anchor gap based; capped at medium by design,"shares proposed point with candidate(s) 773a8400-7000-4901-b31c-6f83dda77af6, 88da4d5c-2816-4329-947d-6a77e584c45d, ddf043af-973d-478c-b539-d5e22cd93b5b",normal,lower: census-pending-approval; upper: census-pending-approval
f4ede9a9-960e-46a2-a8e7-8251b45405d2,Triple G Truck Wash,truck-washes,,Mount Vernon,KY,40456,,,37.380716,-84.330279,medium,,mile-marker interpolation; interpolated between mileposts 62 and 62 (gap 0 mi),manual-review,anchor gap based; capped at medium by design,CO-LOCATED: identical point to pending anchor of listing 3e0cd409-c3fc-4aa3-bdfd-0fe2587746f6 — confirm distinct businesses at this exit,high,exact-exit anchor: census-pending-approval
f71dfc37-7d4f-4693-a5d8-964a03945701,Baymont by Wyndham Ridgeland I-95,hotels-truck-parking,,Ridgeland,SC,29936,,,32.488998,-80.977907,medium,,mile-marker interpolation; interpolated between mileposts 21 and 21 (gap 0 mi),manual-review,anchor gap based; capped at medium by design,CO-LOCATED: identical point to pending anchor of listing 5ad2354d-2ee0-42ab-b983-c07c9716e753 — confirm distinct businesses at this exit,high,exact-exit anchor: census-pending-approval
f7aeb412-6df9-459d-b662-a68cf00f3f42,J Mart #1305,truck-stops,,Priceville,AL,,,,34.537289,-86.911221,medium,,mile-marker interpolation; interpolated between mileposts 334 and 334 (gap 0 mi),manual-review,anchor gap based; capped at medium by design,CO-LOCATED: identical point to pending anchor of listing 00ced50d-f1f6-4e29-9a16-1b866beedef0 — confirm distinct businesses at this exit,high,exact-exit anchor: census-pending-approval
fdbe5898-24a8-4743-a127-a5a1769e3ef9,Royal Inn Lumberton,hotels-truck-parking,,Lumberton,NC,28358,,,34.647074,-79.024169,medium,,mile-marker interpolation; interpolated between mileposts 17 and 22 (gap 5 mi),manual-review,anchor gap based; capped at medium by design,,high,lower: census-pending-approval; upper: census-pending-approval
fe6917b6-5da4-42db-a6ab-e533a1101e62,Love's Travel Stop #363 (Ocala),truck-stops,7791 NW 47th Ave,Ocala,FL,34482,,,29.267063,-82.191807,medium,,mile-marker interpolation; interpolated between mileposts 358 and 358 (gap 0 mi),manual-review,anchor gap based; capped at medium by design,"CO-LOCATED: identical point to pending anchor of listing 1fbc776a-057a-4370-96e9-bc049b0385a8 — confirm distinct businesses at this exit; shares proposed point with candidate(s) 05c35c41-6e8f-481f-a2f7-5f50e91170df, 2f8d337f-56bf-4d5d-bfca-44de796066ca",high,exact-exit anchor: census-pending-approval
ff14e2af-f0a7-4e65-a341-c15aab36fe6e,Pro Stop (Pilot Flying J Dealer #962),truck-stops,1503 Avco Blvd,Sellersburg,IN,47172,,,38.371951,-85.758429,medium,,mile-marker interpolation; interpolated between mileposts 7 and 7 (gap 0 mi),manual-review,anchor gap based; capped at medium by design,"CO-LOCATED: identical point to pending anchor of listing 41310565-f89e-49e0-9596-d17a218a165b — confirm distinct businesses at this exit; shares proposed point with candidate(s) 31a18b65-6475-4880-9203-f8d44505a815, 52615e2d-bbbe-45e7-8acc-4e95824179c8, 7429a8d9-ab7c-4563-be9c-c66b0b19efc4, 77cae36c-db9c-4cbf-832a-dbfbb384389b",high,exact-exit anchor: census-pending-approval
ff8e8a78-c506-47cd-a3bf-26f34324389e,Mapco Express #3059,truck-stops,545 Industrial Blvd,Conway,AR,72032,,,35.056670,-92.420915,medium,,mile-marker interpolation; interpolated between mileposts 127 and 135 (gap 8 mi),manual-review,anchor gap based; capped at medium by design,,high,lower: census-pending-approval; upper: census-pending-approval